,Years,Timesteps,Region,Carrier,Value
0,Y0,1,reg1,Final_electricity,0.0
1,Y0,2,reg1,Final_electricity,0.0
2,Y0,3,reg1,Final_electricity,0.0
3,Y0,4,reg1,Final_electricity,0.0
4,Y0,5,reg1,Final_electricity,0.0
5,Y0,6,reg1,Final_electricity,0.0
6,Y0,7,reg1,Final_electricity,110656.82473756532
7,Y0,8,reg1,Final_electricity,194231.49285592168
8,Y0,9,reg1,Final_electricity,317532.09660551074
9,Y0,10,reg1,Final_electricity,356238.844859757
10,Y0,11,reg1,Final_electricity,343452.4103183872
11,Y0,12,reg1,Final_electricity,327474.19412441464
12,Y0,13,reg1,Final_electricity,307036.4593468805
13,Y0,14,reg1,Final_electricity,283623.36455016804
14,Y0,15,reg1,Final_electricity,293688.9455392091
15,Y0,16,reg1,Final_electricity,288936.5468487983
16,Y0,17,reg1,Final_electricity,276373.7794290724
17,Y0,18,reg1,Final_electricity,248602.92782578483
18,Y0,19,reg1,Final_electricity,371694.20097044215
19,Y0,20,reg1,Final_electricity,688545.209696012
20,Y0,21,reg1,Final_electricity,652048.2579388504
21,Y0,22,reg1,Final_electricity,466948.1897228441
22,Y0,23,reg1,Final_electricity,223835.64137592138
23,Y0,24,reg1,Final_electricity,41112.230854555186
24,Y1,1,reg1,Final_electricity,0.0
25,Y1,2,reg1,Final_electricity,0.0
26,Y1,3,reg1,Final_electricity,0.0
27,Y1,4,reg1,Final_electricity,0.0
28,Y1,5,reg1,Final_electricity,0.0
29,Y1,6,reg1,Final_electricity,0.0
30,Y1,7,reg1,Final_electricity,0.0
31,Y1,8,reg1,Final_electricity,0.0
32,Y1,9,reg1,Final_electricity,0.0
33,Y1,10,reg1,Final_electricity,0.0
34,Y1,11,reg1,Final_electricity,0.0
35,Y1,12,reg1,Final_electricity,0.0
36,Y1,13,reg1,Final_electricity,0.0
37,Y1,14,reg1,Final_electricity,0.0
38,Y1,15,reg1,Final_electricity,0.0
39,Y1,16,reg1,Final_electricity,0.0
40,Y1,17,reg1,Final_electricity,0.0
41,Y1,18,reg1,Final_electricity,0.0
42,Y1,19,reg1,Final_electricity,0.0
43,Y1,20,reg1,Final_electricity,0.0
44,Y1,21,reg1,Final_electricity,0.0
45,Y1,22,reg1,Final_electricity,0.0
46,Y1,23,reg1,Final_electricity,0.0
47,Y1,24,reg1,Final_electricity,0.0
48,Y2,1,reg1,Final_electricity,0.0
49,Y2,2,reg1,Final_electricity,0.0
50,Y2,3,reg1,Final_electricity,0.0
51,Y2,4,reg1,Final_electricity,0.0
52,Y2,5,reg1,Final_electricity,0.0
53,Y2,6,reg1,Final_electricity,0.0
54,Y2,7,reg1,Final_electricity,0.0
55,Y2,8,reg1,Final_electricity,0.0
56,Y2,9,reg1,Final_electricity,0.0
57,Y2,10,reg1,Final_electricity,0.0
58,Y2,11,reg1,Final_electricity,0.0
59,Y2,12,reg1,Final_electricity,0.0
60,Y2,13,reg1,Final_electricity,0.0
61,Y2,14,reg1,Final_electricity,0.0
62,Y2,15,reg1,Final_electricity,0.0
63,Y2,16,reg1,Final_electricity,0.0
64,Y2,17,reg1,Final_electricity,0.0
65,Y2,18,reg1,Final_electricity,0.0
66,Y2,19,reg1,Final_electricity,0.0
67,Y2,20,reg1,Final_electricity,0.0
68,Y2,21,reg1,Final_electricity,0.0
69,Y2,22,reg1,Final_electricity,0.0
70,Y2,23,reg1,Final_electricity,0.0
71,Y2,24,reg1,Final_electricity,0.0
72,Y3,1,reg1,Final_electricity,0.0
73,Y3,2,reg1,Final_electricity,0.0
74,Y3,3,reg1,Final_electricity,0.0
75,Y3,4,reg1,Final_electricity,0.0
76,Y3,5,reg1,Final_electricity,0.0
77,Y3,6,reg1,Final_electricity,0.0
78,Y3,7,reg1,Final_electricity,0.0
79,Y3,8,reg1,Final_electricity,0.0
80,Y3,9,reg1,Final_electricity,0.0
81,Y3,10,reg1,Final_electricity,0.0
82,Y3,11,reg1,Final_electricity,0.0
83,Y3,12,reg1,Final_electricity,0.0
84,Y3,13,reg1,Final_electricity,0.0
85,Y3,14,reg1,Final_electricity,0.0
86,Y3,15,reg1,Final_electricity,0.0
87,Y3,16,reg1,Final_electricity,0.0
88,Y3,17,reg1,Final_electricity,0.0
89,Y3,18,reg1,Final_electricity,0.0
90,Y3,19,reg1,Final_electricity,0.0
91,Y3,20,reg1,Final_electricity,0.0
92,Y3,21,reg1,Final_electricity,0.0
93,Y3,22,reg1,Final_electricity,0.0
94,Y3,23,reg1,Final_electricity,0.0
95,Y3,24,reg1,Final_electricity,0.0
96,Y4,1,reg1,Final_electricity,0.0
97,Y4,2,reg1,Final_electricity,0.0
98,Y4,3,reg1,Final_electricity,0.0
99,Y4,4,reg1,Final_electricity,0.0
100,Y4,5,reg1,Final_electricity,0.0
101,Y4,6,reg1,Final_electricity,0.0
102,Y4,7,reg1,Final_electricity,0.0
103,Y4,8,reg1,Final_electricity,0.0
104,Y4,9,reg1,Final_electricity,0.0
105,Y4,10,reg1,Final_electricity,0.0
106,Y4,11,reg1,Final_electricity,0.0
107,Y4,12,reg1,Final_electricity,0.0
108,Y4,13,reg1,Final_electricity,0.0
109,Y4,14,reg1,Final_electricity,0.0
110,Y4,15,reg1,Final_electricity,0.0
111,Y4,16,reg1,Final_electricity,0.0
112,Y4,17,reg1,Final_electricity,0.0
113,Y4,18,reg1,Final_electricity,0.0
114,Y4,19,reg1,Final_electricity,0.0
115,Y4,20,reg1,Final_electricity,0.0
116,Y4,21,reg1,Final_electricity,0.0
117,Y4,22,reg1,Final_electricity,0.0
118,Y4,23,reg1,Final_electricity,0.0
119,Y4,24,reg1,Final_electricity,0.0
120,Y5,1,reg1,Final_electricity,0.0
121,Y5,2,reg1,Final_electricity,0.0
122,Y5,3,reg1,Final_electricity,0.0
123,Y5,4,reg1,Final_electricity,0.0
124,Y5,5,reg1,Final_electricity,0.0
125,Y5,6,reg1,Final_electricity,0.0
126,Y5,7,reg1,Final_electricity,0.0
127,Y5,8,reg1,Final_electricity,0.0
128,Y5,9,reg1,Final_electricity,0.0
129,Y5,10,reg1,Final_electricity,0.0
130,Y5,11,reg1,Final_electricity,0.0
131,Y5,12,reg1,Final_electricity,0.0
132,Y5,13,reg1,Final_electricity,0.0
133,Y5,14,reg1,Final_electricity,0.0
134,Y5,15,reg1,Final_electricity,0.0
135,Y5,16,reg1,Final_electricity,0.0
136,Y5,17,reg1,Final_electricity,0.0
137,Y5,18,reg1,Final_electricity,0.0
138,Y5,19,reg1,Final_electricity,0.0
139,Y5,20,reg1,Final_electricity,0.0
140,Y5,21,reg1,Final_electricity,0.0
141,Y5,22,reg1,Final_electricity,0.0
142,Y5,23,reg1,Final_electricity,0.0
143,Y5,24,reg1,Final_electricity,0.0
144,Y6,1,reg1,Final_electricity,0.0
145,Y6,2,reg1,Final_electricity,0.0
146,Y6,3,reg1,Final_electricity,0.0
147,Y6,4,reg1,Final_electricity,0.0
148,Y6,5,reg1,Final_electricity,0.0
149,Y6,6,reg1,Final_electricity,0.0
150,Y6,7,reg1,Final_electricity,0.0
151,Y6,8,reg1,Final_electricity,0.0
152,Y6,9,reg1,Final_electricity,0.0
153,Y6,10,reg1,Final_electricity,0.0
154,Y6,11,reg1,Final_electricity,0.0
155,Y6,12,reg1,Final_electricity,0.0
156,Y6,13,reg1,Final_electricity,0.0
157,Y6,14,reg1,Final_electricity,0.0
158,Y6,15,reg1,Final_electricity,0.0
159,Y6,16,reg1,Final_electricity,0.0
160,Y6,17,reg1,Final_electricity,0.0
161,Y6,18,reg1,Final_electricity,0.0
162,Y6,19,reg1,Final_electricity,0.0
163,Y6,20,reg1,Final_electricity,0.0
164,Y6,21,reg1,Final_electricity,0.0
165,Y6,22,reg1,Final_electricity,0.0
166,Y6,23,reg1,Final_electricity,0.0
167,Y6,24,reg1,Final_electricity,0.0
168,Y7,1,reg1,Final_electricity,0.0
169,Y7,2,reg1,Final_electricity,0.0
170,Y7,3,reg1,Final_electricity,0.0
171,Y7,4,reg1,Final_electricity,0.0
172,Y7,5,reg1,Final_electricity,0.0
173,Y7,6,reg1,Final_electricity,0.0
174,Y7,7,reg1,Final_electricity,0.0
175,Y7,8,reg1,Final_electricity,0.0
176,Y7,9,reg1,Final_electricity,0.0
177,Y7,10,reg1,Final_electricity,0.0
178,Y7,11,reg1,Final_electricity,0.0
179,Y7,12,reg1,Final_electricity,0.0
180,Y7,13,reg1,Final_electricity,0.0
181,Y7,14,reg1,Final_electricity,0.0
182,Y7,15,reg1,Final_electricity,0.0
183,Y7,16,reg1,Final_electricity,0.0
184,Y7,17,reg1,Final_electricity,0.0
185,Y7,18,reg1,Final_electricity,0.0
186,Y7,19,reg1,Final_electricity,0.0
187,Y7,20,reg1,Final_electricity,0.0
188,Y7,21,reg1,Final_electricity,0.0
189,Y7,22,reg1,Final_electricity,0.0
190,Y7,23,reg1,Final_electricity,0.0
191,Y7,24,reg1,Final_electricity,0.0
192,Y8,1,reg1,Final_electricity,0.0
193,Y8,2,reg1,Final_electricity,0.0
194,Y8,3,reg1,Final_electricity,0.0
195,Y8,4,reg1,Final_electricity,0.0
196,Y8,5,reg1,Final_electricity,0.0
197,Y8,6,reg1,Final_electricity,0.0
198,Y8,7,reg1,Final_electricity,0.0
199,Y8,8,reg1,Final_electricity,0.0
200,Y8,9,reg1,Final_electricity,0.0
201,Y8,10,reg1,Final_electricity,0.0
202,Y8,11,reg1,Final_electricity,0.0
203,Y8,12,reg1,Final_electricity,0.0
204,Y8,13,reg1,Final_electricity,0.0
205,Y8,14,reg1,Final_electricity,0.0
206,Y8,15,reg1,Final_electricity,0.0
207,Y8,16,reg1,Final_electricity,0.0
208,Y8,17,reg1,Final_electricity,0.0
209,Y8,18,reg1,Final_electricity,0.0
210,Y8,19,reg1,Final_electricity,0.0
211,Y8,20,reg1,Final_electricity,0.0
212,Y8,21,reg1,Final_electricity,0.0
213,Y8,22,reg1,Final_electricity,0.0
214,Y8,23,reg1,Final_electricity,0.0
215,Y8,24,reg1,Final_electricity,0.0
216,Y9,1,reg1,Final_electricity,0.0
217,Y9,2,reg1,Final_electricity,0.0
218,Y9,3,reg1,Final_electricity,0.0
219,Y9,4,reg1,Final_electricity,0.0
220,Y9,5,reg1,Final_electricity,0.0
221,Y9,6,reg1,Final_electricity,0.0
222,Y9,7,reg1,Final_electricity,0.0
223,Y9,8,reg1,Final_electricity,0.0
224,Y9,9,reg1,Final_electricity,0.0
225,Y9,10,reg1,Final_electricity,0.0
226,Y9,11,reg1,Final_electricity,0.0
227,Y9,12,reg1,Final_electricity,0.0
228,Y9,13,reg1,Final_electricity,0.0
229,Y9,14,reg1,Final_electricity,0.0
230,Y9,15,reg1,Final_electricity,0.0
231,Y9,16,reg1,Final_electricity,0.0
232,Y9,17,reg1,Final_electricity,0.0
233,Y9,18,reg1,Final_electricity,0.0
234,Y9,19,reg1,Final_electricity,0.0
235,Y9,20,reg1,Final_electricity,0.0
236,Y9,21,reg1,Final_electricity,0.0
237,Y9,22,reg1,Final_electricity,0.0
238,Y9,23,reg1,Final_electricity,0.0
239,Y9,24,reg1,Final_electricity,0.0
240,Y10,1,reg1,Final_electricity,0.0
241,Y10,2,reg1,Final_electricity,0.0
242,Y10,3,reg1,Final_electricity,0.0
243,Y10,4,reg1,Final_electricity,0.0
244,Y10,5,reg1,Final_electricity,0.0
245,Y10,6,reg1,Final_electricity,0.0
246,Y10,7,reg1,Final_electricity,0.0
247,Y10,8,reg1,Final_electricity,0.0
248,Y10,9,reg1,Final_electricity,0.0
249,Y10,10,reg1,Final_electricity,0.0
250,Y10,11,reg1,Final_electricity,0.0
251,Y10,12,reg1,Final_electricity,0.0
252,Y10,13,reg1,Final_electricity,0.0
253,Y10,14,reg1,Final_electricity,0.0
254,Y10,15,reg1,Final_electricity,0.0
255,Y10,16,reg1,Final_electricity,0.0
256,Y10,17,reg1,Final_electricity,0.0
257,Y10,18,reg1,Final_electricity,0.0
258,Y10,19,reg1,Final_electricity,0.0
259,Y10,20,reg1,Final_electricity,0.0
260,Y10,21,reg1,Final_electricity,0.0
261,Y10,22,reg1,Final_electricity,0.0
262,Y10,23,reg1,Final_electricity,0.0
263,Y10,24,reg1,Final_electricity,0.0
264,Y11,1,reg1,Final_electricity,0.0
265,Y11,2,reg1,Final_electricity,0.0
266,Y11,3,reg1,Final_electricity,0.0
267,Y11,4,reg1,Final_electricity,0.0
268,Y11,5,reg1,Final_electricity,0.0
269,Y11,6,reg1,Final_electricity,0.0
270,Y11,7,reg1,Final_electricity,0.0
271,Y11,8,reg1,Final_electricity,0.0
272,Y11,9,reg1,Final_electricity,0.0
273,Y11,10,reg1,Final_electricity,0.0
274,Y11,11,reg1,Final_electricity,0.0
275,Y11,12,reg1,Final_electricity,0.0
276,Y11,13,reg1,Final_electricity,0.0
277,Y11,14,reg1,Final_electricity,0.0
278,Y11,15,reg1,Final_electricity,0.0
279,Y11,16,reg1,Final_electricity,0.0
280,Y11,17,reg1,Final_electricity,0.0
281,Y11,18,reg1,Final_electricity,0.0
282,Y11,19,reg1,Final_electricity,0.0
283,Y11,20,reg1,Final_electricity,0.0
284,Y11,21,reg1,Final_electricity,0.0
285,Y11,22,reg1,Final_electricity,0.0
286,Y11,23,reg1,Final_electricity,0.0
287,Y11,24,reg1,Final_electricity,0.0
288,Y12,1,reg1,Final_electricity,0.0
289,Y12,2,reg1,Final_electricity,0.0
290,Y12,3,reg1,Final_electricity,0.0
291,Y12,4,reg1,Final_electricity,0.0
292,Y12,5,reg1,Final_electricity,0.0
293,Y12,6,reg1,Final_electricity,0.0
294,Y12,7,reg1,Final_electricity,0.0
295,Y12,8,reg1,Final_electricity,0.0
296,Y12,9,reg1,Final_electricity,0.0
297,Y12,10,reg1,Final_electricity,0.0
298,Y12,11,reg1,Final_electricity,0.0
299,Y12,12,reg1,Final_electricity,0.0
300,Y12,13,reg1,Final_electricity,0.0
301,Y12,14,reg1,Final_electricity,0.0
302,Y12,15,reg1,Final_electricity,0.0
303,Y12,16,reg1,Final_electricity,0.0
304,Y12,17,reg1,Final_electricity,0.0
305,Y12,18,reg1,Final_electricity,0.0
306,Y12,19,reg1,Final_electricity,0.0
307,Y12,20,reg1,Final_electricity,0.0
308,Y12,21,reg1,Final_electricity,0.0
309,Y12,22,reg1,Final_electricity,0.0
310,Y12,23,reg1,Final_electricity,0.0
311,Y12,24,reg1,Final_electricity,0.0
312,Y13,1,reg1,Final_electricity,0.0
313,Y13,2,reg1,Final_electricity,0.0
314,Y13,3,reg1,Final_electricity,0.0
315,Y13,4,reg1,Final_electricity,0.0
316,Y13,5,reg1,Final_electricity,0.0
317,Y13,6,reg1,Final_electricity,0.0
318,Y13,7,reg1,Final_electricity,0.0
319,Y13,8,reg1,Final_electricity,0.0
320,Y13,9,reg1,Final_electricity,0.0
321,Y13,10,reg1,Final_electricity,0.0
322,Y13,11,reg1,Final_electricity,0.0
323,Y13,12,reg1,Final_electricity,0.0
324,Y13,13,reg1,Final_electricity,0.0
325,Y13,14,reg1,Final_electricity,0.0
326,Y13,15,reg1,Final_electricity,0.0
327,Y13,16,reg1,Final_electricity,0.0
328,Y13,17,reg1,Final_electricity,0.0
329,Y13,18,reg1,Final_electricity,0.0
330,Y13,19,reg1,Final_electricity,0.0
331,Y13,20,reg1,Final_electricity,0.0
332,Y13,21,reg1,Final_electricity,0.0
333,Y13,22,reg1,Final_electricity,0.0
334,Y13,23,reg1,Final_electricity,0.0
335,Y13,24,reg1,Final_electricity,0.0
336,Y14,1,reg1,Final_electricity,0.0
337,Y14,2,reg1,Final_electricity,0.0
338,Y14,3,reg1,Final_electricity,0.0
339,Y14,4,reg1,Final_electricity,0.0
340,Y14,5,reg1,Final_electricity,0.0
341,Y14,6,reg1,Final_electricity,0.0
342,Y14,7,reg1,Final_electricity,0.0
343,Y14,8,reg1,Final_electricity,0.0
344,Y14,9,reg1,Final_electricity,0.0
345,Y14,10,reg1,Final_electricity,0.0
346,Y14,11,reg1,Final_electricity,0.0
347,Y14,12,reg1,Final_electricity,0.0
348,Y14,13,reg1,Final_electricity,0.0
349,Y14,14,reg1,Final_electricity,0.0
350,Y14,15,reg1,Final_electricity,0.0
351,Y14,16,reg1,Final_electricity,0.0
352,Y14,17,reg1,Final_electricity,0.0
353,Y14,18,reg1,Final_electricity,0.0
354,Y14,19,reg1,Final_electricity,0.0
355,Y14,20,reg1,Final_electricity,0.0
356,Y14,21,reg1,Final_electricity,0.0
357,Y14,22,reg1,Final_electricity,0.0
358,Y14,23,reg1,Final_electricity,0.0
359,Y14,24,reg1,Final_electricity,0.0
360,Y15,1,reg1,Final_electricity,0.0
361,Y15,2,reg1,Final_electricity,0.0
362,Y15,3,reg1,Final_electricity,0.0
363,Y15,4,reg1,Final_electricity,0.0
364,Y15,5,reg1,Final_electricity,0.0
365,Y15,6,reg1,Final_electricity,0.0
366,Y15,7,reg1,Final_electricity,0.0
367,Y15,8,reg1,Final_electricity,0.0
368,Y15,9,reg1,Final_electricity,0.0
369,Y15,10,reg1,Final_electricity,0.0
370,Y15,11,reg1,Final_electricity,0.0
371,Y15,12,reg1,Final_electricity,0.0
372,Y15,13,reg1,Final_electricity,0.0
373,Y15,14,reg1,Final_electricity,0.0
374,Y15,15,reg1,Final_electricity,0.0
375,Y15,16,reg1,Final_electricity,0.0
376,Y15,17,reg1,Final_electricity,0.0
377,Y15,18,reg1,Final_electricity,0.0
378,Y15,19,reg1,Final_electricity,0.0
379,Y15,20,reg1,Final_electricity,0.0
380,Y15,21,reg1,Final_electricity,0.0
381,Y15,22,reg1,Final_electricity,0.0
382,Y15,23,reg1,Final_electricity,0.0
383,Y15,24,reg1,Final_electricity,0.0
384,Y16,1,reg1,Final_electricity,0.0
385,Y16,2,reg1,Final_electricity,0.0
386,Y16,3,reg1,Final_electricity,0.0
387,Y16,4,reg1,Final_electricity,0.0
388,Y16,5,reg1,Final_electricity,0.0
389,Y16,6,reg1,Final_electricity,0.0
390,Y16,7,reg1,Final_electricity,0.0
391,Y16,8,reg1,Final_electricity,0.0
392,Y16,9,reg1,Final_electricity,0.0
393,Y16,10,reg1,Final_electricity,0.0
394,Y16,11,reg1,Final_electricity,0.0
395,Y16,12,reg1,Final_electricity,0.0
396,Y16,13,reg1,Final_electricity,0.0
397,Y16,14,reg1,Final_electricity,0.0
398,Y16,15,reg1,Final_electricity,0.0
399,Y16,16,reg1,Final_electricity,0.0
400,Y16,17,reg1,Final_electricity,0.0
401,Y16,18,reg1,Final_electricity,0.0
402,Y16,19,reg1,Final_electricity,0.0
403,Y16,20,reg1,Final_electricity,0.0
404,Y16,21,reg1,Final_electricity,0.0
405,Y16,22,reg1,Final_electricity,0.0
406,Y16,23,reg1,Final_electricity,0.0
407,Y16,24,reg1,Final_electricity,0.0
408,Y17,1,reg1,Final_electricity,0.0
409,Y17,2,reg1,Final_electricity,0.0
410,Y17,3,reg1,Final_electricity,0.0
411,Y17,4,reg1,Final_electricity,0.0
412,Y17,5,reg1,Final_electricity,0.0
413,Y17,6,reg1,Final_electricity,0.0
414,Y17,7,reg1,Final_electricity,0.0
415,Y17,8,reg1,Final_electricity,0.0
416,Y17,9,reg1,Final_electricity,0.0
417,Y17,10,reg1,Final_electricity,0.0
418,Y17,11,reg1,Final_electricity,0.0
419,Y17,12,reg1,Final_electricity,0.0
420,Y17,13,reg1,Final_electricity,0.0
421,Y17,14,reg1,Final_electricity,0.0
422,Y17,15,reg1,Final_electricity,0.0
423,Y17,16,reg1,Final_electricity,0.0
424,Y17,17,reg1,Final_electricity,0.0
425,Y17,18,reg1,Final_electricity,0.0
426,Y17,19,reg1,Final_electricity,0.0
427,Y17,20,reg1,Final_electricity,0.0
428,Y17,21,reg1,Final_electricity,0.0
429,Y17,22,reg1,Final_electricity,0.0
430,Y17,23,reg1,Final_electricity,0.0
431,Y17,24,reg1,Final_electricity,0.0
432,Y18,1,reg1,Final_electricity,0.0
433,Y18,2,reg1,Final_electricity,0.0
434,Y18,3,reg1,Final_electricity,0.0
435,Y18,4,reg1,Final_electricity,0.0
436,Y18,5,reg1,Final_electricity,0.0
437,Y18,6,reg1,Final_electricity,0.0
438,Y18,7,reg1,Final_electricity,0.0
439,Y18,8,reg1,Final_electricity,0.0
440,Y18,9,reg1,Final_electricity,0.0
441,Y18,10,reg1,Final_electricity,0.0
442,Y18,11,reg1,Final_electricity,0.0
443,Y18,12,reg1,Final_electricity,0.0
444,Y18,13,reg1,Final_electricity,0.0
445,Y18,14,reg1,Final_electricity,0.0
446,Y18,15,reg1,Final_electricity,0.0
447,Y18,16,reg1,Final_electricity,0.0
448,Y18,17,reg1,Final_electricity,0.0
449,Y18,18,reg1,Final_electricity,0.0
450,Y18,19,reg1,Final_electricity,0.0
451,Y18,20,reg1,Final_electricity,0.0
452,Y18,21,reg1,Final_electricity,0.0
453,Y18,22,reg1,Final_electricity,0.0
454,Y18,23,reg1,Final_electricity,0.0
455,Y18,24,reg1,Final_electricity,0.0
456,Y19,1,reg1,Final_electricity,0.0
457,Y19,2,reg1,Final_electricity,0.0
458,Y19,3,reg1,Final_electricity,0.0
459,Y19,4,reg1,Final_electricity,0.0
460,Y19,5,reg1,Final_electricity,0.0
461,Y19,6,reg1,Final_electricity,0.0
462,Y19,7,reg1,Final_electricity,0.0
463,Y19,8,reg1,Final_electricity,0.0
464,Y19,9,reg1,Final_electricity,0.0
465,Y19,10,reg1,Final_electricity,0.0
466,Y19,11,reg1,Final_electricity,0.0
467,Y19,12,reg1,Final_electricity,0.0
468,Y19,13,reg1,Final_electricity,0.0
469,Y19,14,reg1,Final_electricity,0.0
470,Y19,15,reg1,Final_electricity,0.0
471,Y19,16,reg1,Final_electricity,0.0
472,Y19,17,reg1,Final_electricity,0.0
473,Y19,18,reg1,Final_electricity,0.0
474,Y19,19,reg1,Final_electricity,0.0
475,Y19,20,reg1,Final_electricity,0.0
476,Y19,21,reg1,Final_electricity,0.0
477,Y19,22,reg1,Final_electricity,0.0
478,Y19,23,reg1,Final_electricity,0.0
479,Y19,24,reg1,Final_electricity,0.0
480,Y20,1,reg1,Final_electricity,0.0
481,Y20,2,reg1,Final_electricity,0.0
482,Y20,3,reg1,Final_electricity,0.0
483,Y20,4,reg1,Final_electricity,0.0
484,Y20,5,reg1,Final_electricity,0.0
485,Y20,6,reg1,Final_electricity,0.0
486,Y20,7,reg1,Final_electricity,0.0
487,Y20,8,reg1,Final_electricity,0.0
488,Y20,9,reg1,Final_electricity,0.0
489,Y20,10,reg1,Final_electricity,0.0
490,Y20,11,reg1,Final_electricity,0.0
491,Y20,12,reg1,Final_electricity,0.0
492,Y20,13,reg1,Final_electricity,0.0
493,Y20,14,reg1,Final_electricity,0.0
494,Y20,15,reg1,Final_electricity,0.0
495,Y20,16,reg1,Final_electricity,0.0
496,Y20,17,reg1,Final_electricity,0.0
497,Y20,18,reg1,Final_electricity,0.0
498,Y20,19,reg1,Final_electricity,0.0
499,Y20,20,reg1,Final_electricity,0.0
500,Y20,21,reg1,Final_electricity,0.0
501,Y20,22,reg1,Final_electricity,0.0
502,Y20,23,reg1,Final_electricity,0.0
503,Y20,24,reg1,Final_electricity,0.0
504,Y21,1,reg1,Final_electricity,0.0
505,Y21,2,reg1,Final_electricity,0.0
506,Y21,3,reg1,Final_electricity,0.0
507,Y21,4,reg1,Final_electricity,0.0
508,Y21,5,reg1,Final_electricity,0.0
509,Y21,6,reg1,Final_electricity,0.0
510,Y21,7,reg1,Final_electricity,0.0
511,Y21,8,reg1,Final_electricity,0.0
512,Y21,9,reg1,Final_electricity,0.0
513,Y21,10,reg1,Final_electricity,0.0
514,Y21,11,reg1,Final_electricity,0.0
515,Y21,12,reg1,Final_electricity,0.0
516,Y21,13,reg1,Final_electricity,0.0
517,Y21,14,reg1,Final_electricity,0.0
518,Y21,15,reg1,Final_electricity,0.0
519,Y21,16,reg1,Final_electricity,0.0
520,Y21,17,reg1,Final_electricity,0.0
521,Y21,18,reg1,Final_electricity,0.0
522,Y21,19,reg1,Final_electricity,0.0
523,Y21,20,reg1,Final_electricity,0.0
524,Y21,21,reg1,Final_electricity,0.0
525,Y21,22,reg1,Final_electricity,0.0
526,Y21,23,reg1,Final_electricity,0.0
527,Y21,24,reg1,Final_electricity,0.0
528,Y22,1,reg1,Final_electricity,0.0
529,Y22,2,reg1,Final_electricity,0.0
530,Y22,3,reg1,Final_electricity,0.0
531,Y22,4,reg1,Final_electricity,0.0
532,Y22,5,reg1,Final_electricity,0.0
533,Y22,6,reg1,Final_electricity,0.0
534,Y22,7,reg1,Final_electricity,0.0
535,Y22,8,reg1,Final_electricity,0.0
536,Y22,9,reg1,Final_electricity,0.0
537,Y22,10,reg1,Final_electricity,0.0
538,Y22,11,reg1,Final_electricity,0.0
539,Y22,12,reg1,Final_electricity,0.0
540,Y22,13,reg1,Final_electricity,0.0
541,Y22,14,reg1,Final_electricity,0.0
542,Y22,15,reg1,Final_electricity,0.0
543,Y22,16,reg1,Final_electricity,0.0
544,Y22,17,reg1,Final_electricity,0.0
545,Y22,18,reg1,Final_electricity,0.0
546,Y22,19,reg1,Final_electricity,0.0
547,Y22,20,reg1,Final_electricity,0.0
548,Y22,21,reg1,Final_electricity,0.0
549,Y22,22,reg1,Final_electricity,0.0
550,Y22,23,reg1,Final_electricity,0.0
551,Y22,24,reg1,Final_electricity,0.0
552,Y23,1,reg1,Final_electricity,0.0
553,Y23,2,reg1,Final_electricity,0.0
554,Y23,3,reg1,Final_electricity,0.0
555,Y23,4,reg1,Final_electricity,0.0
556,Y23,5,reg1,Final_electricity,0.0
557,Y23,6,reg1,Final_electricity,0.0
558,Y23,7,reg1,Final_electricity,0.0
559,Y23,8,reg1,Final_electricity,0.0
560,Y23,9,reg1,Final_electricity,0.0
561,Y23,10,reg1,Final_electricity,0.0
562,Y23,11,reg1,Final_electricity,0.0
563,Y23,12,reg1,Final_electricity,0.0
564,Y23,13,reg1,Final_electricity,0.0
565,Y23,14,reg1,Final_electricity,0.0
566,Y23,15,reg1,Final_electricity,0.0
567,Y23,16,reg1,Final_electricity,0.0
568,Y23,17,reg1,Final_electricity,0.0
569,Y23,18,reg1,Final_electricity,0.0
570,Y23,19,reg1,Final_electricity,0.0
571,Y23,20,reg1,Final_electricity,0.0
572,Y23,21,reg1,Final_electricity,0.0
573,Y23,22,reg1,Final_electricity,0.0
574,Y23,23,reg1,Final_electricity,0.0
575,Y23,24,reg1,Final_electricity,0.0
576,Y24,1,reg1,Final_electricity,0.0
577,Y24,2,reg1,Final_electricity,0.0
578,Y24,3,reg1,Final_electricity,0.0
579,Y24,4,reg1,Final_electricity,0.0
580,Y24,5,reg1,Final_electricity,0.0
581,Y24,6,reg1,Final_electricity,0.0
582,Y24,7,reg1,Final_electricity,0.0
583,Y24,8,reg1,Final_electricity,0.0
584,Y24,9,reg1,Final_electricity,0.0
585,Y24,10,reg1,Final_electricity,0.0
586,Y24,11,reg1,Final_electricity,0.0
587,Y24,12,reg1,Final_electricity,0.0
588,Y24,13,reg1,Final_electricity,0.0
589,Y24,14,reg1,Final_electricity,0.0
590,Y24,15,reg1,Final_electricity,0.0
591,Y24,16,reg1,Final_electricity,0.0
592,Y24,17,reg1,Final_electricity,0.0
593,Y24,18,reg1,Final_electricity,0.0
594,Y24,19,reg1,Final_electricity,0.0
595,Y24,20,reg1,Final_electricity,0.0
596,Y24,21,reg1,Final_electricity,0.0
597,Y24,22,reg1,Final_electricity,0.0
598,Y24,23,reg1,Final_electricity,0.0
599,Y24,24,reg1,Final_electricity,0.0
600,Y25,1,reg1,Final_electricity,0.0
601,Y25,2,reg1,Final_electricity,0.0
602,Y25,3,reg1,Final_electricity,0.0
603,Y25,4,reg1,Final_electricity,0.0
604,Y25,5,reg1,Final_electricity,0.0
605,Y25,6,reg1,Final_electricity,0.0
606,Y25,7,reg1,Final_electricity,0.0
607,Y25,8,reg1,Final_electricity,0.0
608,Y25,9,reg1,Final_electricity,0.0
609,Y25,10,reg1,Final_electricity,0.0
610,Y25,11,reg1,Final_electricity,0.0
611,Y25,12,reg1,Final_electricity,0.0
612,Y25,13,reg1,Final_electricity,0.0
613,Y25,14,reg1,Final_electricity,0.0
614,Y25,15,reg1,Final_electricity,0.0
615,Y25,16,reg1,Final_electricity,0.0
616,Y25,17,reg1,Final_electricity,0.0
617,Y25,18,reg1,Final_electricity,0.0
618,Y25,19,reg1,Final_electricity,0.0
619,Y25,20,reg1,Final_electricity,0.0
620,Y25,21,reg1,Final_electricity,0.0
621,Y25,22,reg1,Final_electricity,0.0
622,Y25,23,reg1,Final_electricity,0.0
623,Y25,24,reg1,Final_electricity,0.0
624,Y26,1,reg1,Final_electricity,0.0
625,Y26,2,reg1,Final_electricity,0.0
626,Y26,3,reg1,Final_electricity,0.0
627,Y26,4,reg1,Final_electricity,0.0
628,Y26,5,reg1,Final_electricity,0.0
629,Y26,6,reg1,Final_electricity,0.0
630,Y26,7,reg1,Final_electricity,0.0
631,Y26,8,reg1,Final_electricity,0.0
632,Y26,9,reg1,Final_electricity,0.0
633,Y26,10,reg1,Final_electricity,0.0
634,Y26,11,reg1,Final_electricity,0.0
635,Y26,12,reg1,Final_electricity,0.0
636,Y26,13,reg1,Final_electricity,0.0
637,Y26,14,reg1,Final_electricity,0.0
638,Y26,15,reg1,Final_electricity,0.0
639,Y26,16,reg1,Final_electricity,0.0
640,Y26,17,reg1,Final_electricity,0.0
641,Y26,18,reg1,Final_electricity,0.0
642,Y26,19,reg1,Final_electricity,0.0
643,Y26,20,reg1,Final_electricity,0.0
644,Y26,21,reg1,Final_electricity,0.0
645,Y26,22,reg1,Final_electricity,0.0
646,Y26,23,reg1,Final_electricity,0.0
647,Y26,24,reg1,Final_electricity,0.0
648,Y27,1,reg1,Final_electricity,0.0
649,Y27,2,reg1,Final_electricity,0.0
650,Y27,3,reg1,Final_electricity,0.0
651,Y27,4,reg1,Final_electricity,0.0
652,Y27,5,reg1,Final_electricity,0.0
653,Y27,6,reg1,Final_electricity,0.0
654,Y27,7,reg1,Final_electricity,0.0
655,Y27,8,reg1,Final_electricity,0.0
656,Y27,9,reg1,Final_electricity,0.0
657,Y27,10,reg1,Final_electricity,0.0
658,Y27,11,reg1,Final_electricity,0.0
659,Y27,12,reg1,Final_electricity,0.0
660,Y27,13,reg1,Final_electricity,0.0
661,Y27,14,reg1,Final_electricity,0.0
662,Y27,15,reg1,Final_electricity,0.0
663,Y27,16,reg1,Final_electricity,0.0
664,Y27,17,reg1,Final_electricity,0.0
665,Y27,18,reg1,Final_electricity,0.0
666,Y27,19,reg1,Final_electricity,0.0
667,Y27,20,reg1,Final_electricity,0.0
668,Y27,21,reg1,Final_electricity,0.0
669,Y27,22,reg1,Final_electricity,0.0
670,Y27,23,reg1,Final_electricity,0.0
671,Y27,24,reg1,Final_electricity,0.0
672,Y28,1,reg1,Final_electricity,0.0
673,Y28,2,reg1,Final_electricity,0.0
674,Y28,3,reg1,Final_electricity,0.0
675,Y28,4,reg1,Final_electricity,0.0
676,Y28,5,reg1,Final_electricity,0.0
677,Y28,6,reg1,Final_electricity,0.0
678,Y28,7,reg1,Final_electricity,0.0
679,Y28,8,reg1,Final_electricity,0.0
680,Y28,9,reg1,Final_electricity,0.0
681,Y28,10,reg1,Final_electricity,0.0
682,Y28,11,reg1,Final_electricity,0.0
683,Y28,12,reg1,Final_electricity,0.0
684,Y28,13,reg1,Final_electricity,0.0
685,Y28,14,reg1,Final_electricity,0.0
686,Y28,15,reg1,Final_electricity,0.0
687,Y28,16,reg1,Final_electricity,0.0
688,Y28,17,reg1,Final_electricity,0.0
689,Y28,18,reg1,Final_electricity,0.0
690,Y28,19,reg1,Final_electricity,0.0
691,Y28,20,reg1,Final_electricity,0.0
692,Y28,21,reg1,Final_electricity,0.0
693,Y28,22,reg1,Final_electricity,0.0
694,Y28,23,reg1,Final_electricity,0.0
695,Y28,24,reg1,Final_electricity,0.0
696,Y29,1,reg1,Final_electricity,0.0
697,Y29,2,reg1,Final_electricity,0.0
698,Y29,3,reg1,Final_electricity,0.0
699,Y29,4,reg1,Final_electricity,0.0
700,Y29,5,reg1,Final_electricity,0.0
701,Y29,6,reg1,Final_electricity,0.0
702,Y29,7,reg1,Final_electricity,0.0
703,Y29,8,reg1,Final_electricity,0.0
704,Y29,9,reg1,Final_electricity,0.0
705,Y29,10,reg1,Final_electricity,0.0
706,Y29,11,reg1,Final_electricity,0.0
707,Y29,12,reg1,Final_electricity,0.0
708,Y29,13,reg1,Final_electricity,0.0
709,Y29,14,reg1,Final_electricity,0.0
710,Y29,15,reg1,Final_electricity,0.0
711,Y29,16,reg1,Final_electricity,0.0
712,Y29,17,reg1,Final_electricity,0.0
713,Y29,18,reg1,Final_electricity,0.0
714,Y29,19,reg1,Final_electricity,0.0
715,Y29,20,reg1,Final_electricity,0.0
716,Y29,21,reg1,Final_electricity,0.0
717,Y29,22,reg1,Final_electricity,0.0
718,Y29,23,reg1,Final_electricity,0.0
719,Y29,24,reg1,Final_electricity,0.0
720,Y30,1,reg1,Final_electricity,0.0
721,Y30,2,reg1,Final_electricity,0.0
722,Y30,3,reg1,Final_electricity,0.0
723,Y30,4,reg1,Final_electricity,0.0
724,Y30,5,reg1,Final_electricity,0.0
725,Y30,6,reg1,Final_electricity,0.0
726,Y30,7,reg1,Final_electricity,0.0
727,Y30,8,reg1,Final_electricity,0.0
728,Y30,9,reg1,Final_electricity,0.0
729,Y30,10,reg1,Final_electricity,0.0
730,Y30,11,reg1,Final_electricity,0.0
731,Y30,12,reg1,Final_electricity,0.0
732,Y30,13,reg1,Final_electricity,0.0
733,Y30,14,reg1,Final_electricity,0.0
734,Y30,15,reg1,Final_electricity,0.0
735,Y30,16,reg1,Final_electricity,0.0
736,Y30,17,reg1,Final_electricity,0.0
737,Y30,18,reg1,Final_electricity,0.0
738,Y30,19,reg1,Final_electricity,0.0
739,Y30,20,reg1,Final_electricity,0.0
740,Y30,21,reg1,Final_electricity,0.0
741,Y30,22,reg1,Final_electricity,0.0
742,Y30,23,reg1,Final_electricity,0.0
743,Y30,24,reg1,Final_electricity,0.0
744,Y0,1,reg2,Final_electricity,0.0
745,Y0,2,reg2,Final_electricity,0.0
746,Y0,3,reg2,Final_electricity,0.0
747,Y0,4,reg2,Final_electricity,0.0
748,Y0,5,reg2,Final_electricity,0.0
749,Y0,6,reg2,Final_electricity,0.0
750,Y0,7,reg2,Final_electricity,0.0
751,Y0,8,reg2,Final_electricity,0.0
752,Y0,9,reg2,Final_electricity,0.0
753,Y0,10,reg2,Final_electricity,0.0
754,Y0,11,reg2,Final_electricity,0.0
755,Y0,12,reg2,Final_electricity,0.0
756,Y0,13,reg2,Final_electricity,0.0
757,Y0,14,reg2,Final_electricity,0.0
758,Y0,15,reg2,Final_electricity,0.0
759,Y0,16,reg2,Final_electricity,0.0
760,Y0,17,reg2,Final_electricity,0.0
761,Y0,18,reg2,Final_electricity,0.0
762,Y0,19,reg2,Final_electricity,0.0
763,Y0,20,reg2,Final_electricity,0.0
764,Y0,21,reg2,Final_electricity,0.0
765,Y0,22,reg2,Final_electricity,0.0
766,Y0,23,reg2,Final_electricity,0.0
767,Y0,24,reg2,Final_electricity,0.0
768,Y1,1,reg2,Final_electricity,0.0
769,Y1,2,reg2,Final_electricity,0.0
770,Y1,3,reg2,Final_electricity,0.0
771,Y1,4,reg2,Final_electricity,0.0
772,Y1,5,reg2,Final_electricity,0.0
773,Y1,6,reg2,Final_electricity,0.0
774,Y1,7,reg2,Final_electricity,0.0
775,Y1,8,reg2,Final_electricity,0.0
776,Y1,9,reg2,Final_electricity,0.0
777,Y1,10,reg2,Final_electricity,0.0
778,Y1,11,reg2,Final_electricity,0.0
779,Y1,12,reg2,Final_electricity,0.0
780,Y1,13,reg2,Final_electricity,0.0
781,Y1,14,reg2,Final_electricity,0.0
782,Y1,15,reg2,Final_electricity,0.0
783,Y1,16,reg2,Final_electricity,0.0
784,Y1,17,reg2,Final_electricity,0.0
785,Y1,18,reg2,Final_electricity,0.0
786,Y1,19,reg2,Final_electricity,0.0
787,Y1,20,reg2,Final_electricity,0.0
788,Y1,21,reg2,Final_electricity,0.0
789,Y1,22,reg2,Final_electricity,0.0
790,Y1,23,reg2,Final_electricity,0.0
791,Y1,24,reg2,Final_electricity,0.0
792,Y2,1,reg2,Final_electricity,0.0
793,Y2,2,reg2,Final_electricity,0.0
794,Y2,3,reg2,Final_electricity,0.0
795,Y2,4,reg2,Final_electricity,0.0
796,Y2,5,reg2,Final_electricity,0.0
797,Y2,6,reg2,Final_electricity,0.0
798,Y2,7,reg2,Final_electricity,0.0
799,Y2,8,reg2,Final_electricity,0.0
800,Y2,9,reg2,Final_electricity,0.0
801,Y2,10,reg2,Final_electricity,0.0
802,Y2,11,reg2,Final_electricity,0.0
803,Y2,12,reg2,Final_electricity,0.0
804,Y2,13,reg2,Final_electricity,0.0
805,Y2,14,reg2,Final_electricity,0.0
806,Y2,15,reg2,Final_electricity,0.0
807,Y2,16,reg2,Final_electricity,0.0
808,Y2,17,reg2,Final_electricity,0.0
809,Y2,18,reg2,Final_electricity,0.0
810,Y2,19,reg2,Final_electricity,0.0
811,Y2,20,reg2,Final_electricity,0.0
812,Y2,21,reg2,Final_electricity,0.0
813,Y2,22,reg2,Final_electricity,0.0
814,Y2,23,reg2,Final_electricity,0.0
815,Y2,24,reg2,Final_electricity,0.0
816,Y3,1,reg2,Final_electricity,0.0
817,Y3,2,reg2,Final_electricity,0.0
818,Y3,3,reg2,Final_electricity,0.0
819,Y3,4,reg2,Final_electricity,0.0
820,Y3,5,reg2,Final_electricity,0.0
821,Y3,6,reg2,Final_electricity,0.0
822,Y3,7,reg2,Final_electricity,0.0
823,Y3,8,reg2,Final_electricity,0.0
824,Y3,9,reg2,Final_electricity,0.0
825,Y3,10,reg2,Final_electricity,0.0
826,Y3,11,reg2,Final_electricity,0.0
827,Y3,12,reg2,Final_electricity,0.0
828,Y3,13,reg2,Final_electricity,0.0
829,Y3,14,reg2,Final_electricity,0.0
830,Y3,15,reg2,Final_electricity,0.0
831,Y3,16,reg2,Final_electricity,0.0
832,Y3,17,reg2,Final_electricity,0.0
833,Y3,18,reg2,Final_electricity,0.0
834,Y3,19,reg2,Final_electricity,0.0
835,Y3,20,reg2,Final_electricity,0.0
836,Y3,21,reg2,Final_electricity,0.0
837,Y3,22,reg2,Final_electricity,0.0
838,Y3,23,reg2,Final_electricity,0.0
839,Y3,24,reg2,Final_electricity,0.0
840,Y4,1,reg2,Final_electricity,0.0
841,Y4,2,reg2,Final_electricity,0.0
842,Y4,3,reg2,Final_electricity,0.0
843,Y4,4,reg2,Final_electricity,0.0
844,Y4,5,reg2,Final_electricity,0.0
845,Y4,6,reg2,Final_electricity,0.0
846,Y4,7,reg2,Final_electricity,0.0
847,Y4,8,reg2,Final_electricity,0.0
848,Y4,9,reg2,Final_electricity,0.0
849,Y4,10,reg2,Final_electricity,0.0
850,Y4,11,reg2,Final_electricity,0.0
851,Y4,12,reg2,Final_electricity,0.0
852,Y4,13,reg2,Final_electricity,0.0
853,Y4,14,reg2,Final_electricity,0.0
854,Y4,15,reg2,Final_electricity,0.0
855,Y4,16,reg2,Final_electricity,0.0
856,Y4,17,reg2,Final_electricity,0.0
857,Y4,18,reg2,Final_electricity,0.0
858,Y4,19,reg2,Final_electricity,0.0
859,Y4,20,reg2,Final_electricity,0.0
860,Y4,21,reg2,Final_electricity,0.0
861,Y4,22,reg2,Final_electricity,0.0
862,Y4,23,reg2,Final_electricity,0.0
863,Y4,24,reg2,Final_electricity,0.0
864,Y5,1,reg2,Final_electricity,0.0
865,Y5,2,reg2,Final_electricity,0.0
866,Y5,3,reg2,Final_electricity,0.0
867,Y5,4,reg2,Final_electricity,0.0
868,Y5,5,reg2,Final_electricity,0.0
869,Y5,6,reg2,Final_electricity,0.0
870,Y5,7,reg2,Final_electricity,0.0
871,Y5,8,reg2,Final_electricity,0.0
872,Y5,9,reg2,Final_electricity,0.0
873,Y5,10,reg2,Final_electricity,0.0
874,Y5,11,reg2,Final_electricity,0.0
875,Y5,12,reg2,Final_electricity,0.0
876,Y5,13,reg2,Final_electricity,0.0
877,Y5,14,reg2,Final_electricity,0.0
878,Y5,15,reg2,Final_electricity,0.0
879,Y5,16,reg2,Final_electricity,0.0
880,Y5,17,reg2,Final_electricity,0.0
881,Y5,18,reg2,Final_electricity,0.0
882,Y5,19,reg2,Final_electricity,0.0
883,Y5,20,reg2,Final_electricity,0.0
884,Y5,21,reg2,Final_electricity,0.0
885,Y5,22,reg2,Final_electricity,0.0
886,Y5,23,reg2,Final_electricity,0.0
887,Y5,24,reg2,Final_electricity,0.0
888,Y6,1,reg2,Final_electricity,0.0
889,Y6,2,reg2,Final_electricity,0.0
890,Y6,3,reg2,Final_electricity,0.0
891,Y6,4,reg2,Final_electricity,0.0
892,Y6,5,reg2,Final_electricity,0.0
893,Y6,6,reg2,Final_electricity,0.0
894,Y6,7,reg2,Final_electricity,0.0
895,Y6,8,reg2,Final_electricity,0.0
896,Y6,9,reg2,Final_electricity,0.0
897,Y6,10,reg2,Final_electricity,0.0
898,Y6,11,reg2,Final_electricity,0.0
899,Y6,12,reg2,Final_electricity,0.0
900,Y6,13,reg2,Final_electricity,0.0
901,Y6,14,reg2,Final_electricity,0.0
902,Y6,15,reg2,Final_electricity,0.0
903,Y6,16,reg2,Final_electricity,0.0
904,Y6,17,reg2,Final_electricity,0.0
905,Y6,18,reg2,Final_electricity,0.0
906,Y6,19,reg2,Final_electricity,0.0
907,Y6,20,reg2,Final_electricity,0.0
908,Y6,21,reg2,Final_electricity,0.0
909,Y6,22,reg2,Final_electricity,0.0
910,Y6,23,reg2,Final_electricity,0.0
911,Y6,24,reg2,Final_electricity,0.0
912,Y7,1,reg2,Final_electricity,0.0
913,Y7,2,reg2,Final_electricity,0.0
914,Y7,3,reg2,Final_electricity,0.0
915,Y7,4,reg2,Final_electricity,0.0
916,Y7,5,reg2,Final_electricity,0.0
917,Y7,6,reg2,Final_electricity,0.0
918,Y7,7,reg2,Final_electricity,0.0
919,Y7,8,reg2,Final_electricity,0.0
920,Y7,9,reg2,Final_electricity,0.0
921,Y7,10,reg2,Final_electricity,0.0
922,Y7,11,reg2,Final_electricity,0.0
923,Y7,12,reg2,Final_electricity,0.0
924,Y7,13,reg2,Final_electricity,0.0
925,Y7,14,reg2,Final_electricity,0.0
926,Y7,15,reg2,Final_electricity,0.0
927,Y7,16,reg2,Final_electricity,0.0
928,Y7,17,reg2,Final_electricity,0.0
929,Y7,18,reg2,Final_electricity,0.0
930,Y7,19,reg2,Final_electricity,0.0
931,Y7,20,reg2,Final_electricity,0.0
932,Y7,21,reg2,Final_electricity,0.0
933,Y7,22,reg2,Final_electricity,0.0
934,Y7,23,reg2,Final_electricity,0.0
935,Y7,24,reg2,Final_electricity,0.0
936,Y8,1,reg2,Final_electricity,0.0
937,Y8,2,reg2,Final_electricity,0.0
938,Y8,3,reg2,Final_electricity,0.0
939,Y8,4,reg2,Final_electricity,0.0
940,Y8,5,reg2,Final_electricity,0.0
941,Y8,6,reg2,Final_electricity,0.0
942,Y8,7,reg2,Final_electricity,0.0
943,Y8,8,reg2,Final_electricity,0.0
944,Y8,9,reg2,Final_electricity,0.0
945,Y8,10,reg2,Final_electricity,0.0
946,Y8,11,reg2,Final_electricity,0.0
947,Y8,12,reg2,Final_electricity,0.0
948,Y8,13,reg2,Final_electricity,0.0
949,Y8,14,reg2,Final_electricity,0.0
950,Y8,15,reg2,Final_electricity,0.0
951,Y8,16,reg2,Final_electricity,0.0
952,Y8,17,reg2,Final_electricity,0.0
953,Y8,18,reg2,Final_electricity,0.0
954,Y8,19,reg2,Final_electricity,0.0
955,Y8,20,reg2,Final_electricity,0.0
956,Y8,21,reg2,Final_electricity,0.0
957,Y8,22,reg2,Final_electricity,0.0
958,Y8,23,reg2,Final_electricity,0.0
959,Y8,24,reg2,Final_electricity,0.0
960,Y9,1,reg2,Final_electricity,0.0
961,Y9,2,reg2,Final_electricity,0.0
962,Y9,3,reg2,Final_electricity,0.0
963,Y9,4,reg2,Final_electricity,0.0
964,Y9,5,reg2,Final_electricity,0.0
965,Y9,6,reg2,Final_electricity,0.0
966,Y9,7,reg2,Final_electricity,0.0
967,Y9,8,reg2,Final_electricity,0.0
968,Y9,9,reg2,Final_electricity,0.0
969,Y9,10,reg2,Final_electricity,0.0
970,Y9,11,reg2,Final_electricity,0.0
971,Y9,12,reg2,Final_electricity,0.0
972,Y9,13,reg2,Final_electricity,0.0
973,Y9,14,reg2,Final_electricity,0.0
974,Y9,15,reg2,Final_electricity,0.0
975,Y9,16,reg2,Final_electricity,0.0
976,Y9,17,reg2,Final_electricity,0.0
977,Y9,18,reg2,Final_electricity,0.0
978,Y9,19,reg2,Final_electricity,0.0
979,Y9,20,reg2,Final_electricity,0.0
980,Y9,21,reg2,Final_electricity,0.0
981,Y9,22,reg2,Final_electricity,0.0
982,Y9,23,reg2,Final_electricity,0.0
983,Y9,24,reg2,Final_electricity,0.0
984,Y10,1,reg2,Final_electricity,0.0
985,Y10,2,reg2,Final_electricity,0.0
986,Y10,3,reg2,Final_electricity,0.0
987,Y10,4,reg2,Final_electricity,0.0
988,Y10,5,reg2,Final_electricity,0.0
989,Y10,6,reg2,Final_electricity,0.0
990,Y10,7,reg2,Final_electricity,0.0
991,Y10,8,reg2,Final_electricity,0.0
992,Y10,9,reg2,Final_electricity,0.0
993,Y10,10,reg2,Final_electricity,0.0
994,Y10,11,reg2,Final_electricity,0.0
995,Y10,12,reg2,Final_electricity,0.0
996,Y10,13,reg2,Final_electricity,0.0
997,Y10,14,reg2,Final_electricity,0.0
998,Y10,15,reg2,Final_electricity,0.0
999,Y10,16,reg2,Final_electricity,0.0
1000,Y10,17,reg2,Final_electricity,0.0
1001,Y10,18,reg2,Final_electricity,0.0
1002,Y10,19,reg2,Final_electricity,0.0
1003,Y10,20,reg2,Final_electricity,0.0
1004,Y10,21,reg2,Final_electricity,0.0
1005,Y10,22,reg2,Final_electricity,0.0
1006,Y10,23,reg2,Final_electricity,0.0
1007,Y10,24,reg2,Final_electricity,0.0
1008,Y11,1,reg2,Final_electricity,0.0
1009,Y11,2,reg2,Final_electricity,0.0
1010,Y11,3,reg2,Final_electricity,0.0
1011,Y11,4,reg2,Final_electricity,0.0
1012,Y11,5,reg2,Final_electricity,0.0
1013,Y11,6,reg2,Final_electricity,0.0
1014,Y11,7,reg2,Final_electricity,0.0
1015,Y11,8,reg2,Final_electricity,0.0
1016,Y11,9,reg2,Final_electricity,0.0
1017,Y11,10,reg2,Final_electricity,0.0
1018,Y11,11,reg2,Final_electricity,0.0
1019,Y11,12,reg2,Final_electricity,0.0
1020,Y11,13,reg2,Final_electricity,0.0
1021,Y11,14,reg2,Final_electricity,0.0
1022,Y11,15,reg2,Final_electricity,0.0
1023,Y11,16,reg2,Final_electricity,0.0
1024,Y11,17,reg2,Final_electricity,0.0
1025,Y11,18,reg2,Final_electricity,0.0
1026,Y11,19,reg2,Final_electricity,0.0
1027,Y11,20,reg2,Final_electricity,0.0
1028,Y11,21,reg2,Final_electricity,0.0
1029,Y11,22,reg2,Final_electricity,0.0
1030,Y11,23,reg2,Final_electricity,0.0
1031,Y11,24,reg2,Final_electricity,0.0
1032,Y12,1,reg2,Final_electricity,0.0
1033,Y12,2,reg2,Final_electricity,0.0
1034,Y12,3,reg2,Final_electricity,0.0
1035,Y12,4,reg2,Final_electricity,0.0
1036,Y12,5,reg2,Final_electricity,0.0
1037,Y12,6,reg2,Final_electricity,0.0
1038,Y12,7,reg2,Final_electricity,0.0
1039,Y12,8,reg2,Final_electricity,0.0
1040,Y12,9,reg2,Final_electricity,0.0
1041,Y12,10,reg2,Final_electricity,0.0
1042,Y12,11,reg2,Final_electricity,0.0
1043,Y12,12,reg2,Final_electricity,0.0
1044,Y12,13,reg2,Final_electricity,0.0
1045,Y12,14,reg2,Final_electricity,0.0
1046,Y12,15,reg2,Final_electricity,0.0
1047,Y12,16,reg2,Final_electricity,0.0
1048,Y12,17,reg2,Final_electricity,0.0
1049,Y12,18,reg2,Final_electricity,0.0
1050,Y12,19,reg2,Final_electricity,0.0
1051,Y12,20,reg2,Final_electricity,0.0
1052,Y12,21,reg2,Final_electricity,0.0
1053,Y12,22,reg2,Final_electricity,0.0
1054,Y12,23,reg2,Final_electricity,0.0
1055,Y12,24,reg2,Final_electricity,0.0
1056,Y13,1,reg2,Final_electricity,0.0
1057,Y13,2,reg2,Final_electricity,0.0
1058,Y13,3,reg2,Final_electricity,0.0
1059,Y13,4,reg2,Final_electricity,0.0
1060,Y13,5,reg2,Final_electricity,0.0
1061,Y13,6,reg2,Final_electricity,0.0
1062,Y13,7,reg2,Final_electricity,0.0
1063,Y13,8,reg2,Final_electricity,0.0
1064,Y13,9,reg2,Final_electricity,0.0
1065,Y13,10,reg2,Final_electricity,0.0
1066,Y13,11,reg2,Final_electricity,0.0
1067,Y13,12,reg2,Final_electricity,0.0
1068,Y13,13,reg2,Final_electricity,0.0
1069,Y13,14,reg2,Final_electricity,0.0
1070,Y13,15,reg2,Final_electricity,0.0
1071,Y13,16,reg2,Final_electricity,0.0
1072,Y13,17,reg2,Final_electricity,0.0
1073,Y13,18,reg2,Final_electricity,0.0
1074,Y13,19,reg2,Final_electricity,0.0
1075,Y13,20,reg2,Final_electricity,0.0
1076,Y13,21,reg2,Final_electricity,0.0
1077,Y13,22,reg2,Final_electricity,0.0
1078,Y13,23,reg2,Final_electricity,0.0
1079,Y13,24,reg2,Final_electricity,0.0
1080,Y14,1,reg2,Final_electricity,0.0
1081,Y14,2,reg2,Final_electricity,0.0
1082,Y14,3,reg2,Final_electricity,0.0
1083,Y14,4,reg2,Final_electricity,0.0
1084,Y14,5,reg2,Final_electricity,0.0
1085,Y14,6,reg2,Final_electricity,0.0
1086,Y14,7,reg2,Final_electricity,0.0
1087,Y14,8,reg2,Final_electricity,0.0
1088,Y14,9,reg2,Final_electricity,0.0
1089,Y14,10,reg2,Final_electricity,0.0
1090,Y14,11,reg2,Final_electricity,0.0
1091,Y14,12,reg2,Final_electricity,0.0
1092,Y14,13,reg2,Final_electricity,0.0
1093,Y14,14,reg2,Final_electricity,0.0
1094,Y14,15,reg2,Final_electricity,0.0
1095,Y14,16,reg2,Final_electricity,0.0
1096,Y14,17,reg2,Final_electricity,0.0
1097,Y14,18,reg2,Final_electricity,0.0
1098,Y14,19,reg2,Final_electricity,0.0
1099,Y14,20,reg2,Final_electricity,0.0
1100,Y14,21,reg2,Final_electricity,0.0
1101,Y14,22,reg2,Final_electricity,0.0
1102,Y14,23,reg2,Final_electricity,0.0
1103,Y14,24,reg2,Final_electricity,0.0
1104,Y15,1,reg2,Final_electricity,0.0
1105,Y15,2,reg2,Final_electricity,0.0
1106,Y15,3,reg2,Final_electricity,0.0
1107,Y15,4,reg2,Final_electricity,0.0
1108,Y15,5,reg2,Final_electricity,0.0
1109,Y15,6,reg2,Final_electricity,0.0
1110,Y15,7,reg2,Final_electricity,0.0
1111,Y15,8,reg2,Final_electricity,0.0
1112,Y15,9,reg2,Final_electricity,0.0
1113,Y15,10,reg2,Final_electricity,0.0
1114,Y15,11,reg2,Final_electricity,0.0
1115,Y15,12,reg2,Final_electricity,0.0
1116,Y15,13,reg2,Final_electricity,0.0
1117,Y15,14,reg2,Final_electricity,0.0
1118,Y15,15,reg2,Final_electricity,0.0
1119,Y15,16,reg2,Final_electricity,0.0
1120,Y15,17,reg2,Final_electricity,0.0
1121,Y15,18,reg2,Final_electricity,0.0
1122,Y15,19,reg2,Final_electricity,0.0
1123,Y15,20,reg2,Final_electricity,0.0
1124,Y15,21,reg2,Final_electricity,0.0
1125,Y15,22,reg2,Final_electricity,0.0
1126,Y15,23,reg2,Final_electricity,0.0
1127,Y15,24,reg2,Final_electricity,0.0
1128,Y16,1,reg2,Final_electricity,0.0
1129,Y16,2,reg2,Final_electricity,0.0
1130,Y16,3,reg2,Final_electricity,0.0
1131,Y16,4,reg2,Final_electricity,0.0
1132,Y16,5,reg2,Final_electricity,0.0
1133,Y16,6,reg2,Final_electricity,0.0
1134,Y16,7,reg2,Final_electricity,0.0
1135,Y16,8,reg2,Final_electricity,0.0
1136,Y16,9,reg2,Final_electricity,0.0
1137,Y16,10,reg2,Final_electricity,0.0
1138,Y16,11,reg2,Final_electricity,0.0
1139,Y16,12,reg2,Final_electricity,0.0
1140,Y16,13,reg2,Final_electricity,0.0
1141,Y16,14,reg2,Final_electricity,0.0
1142,Y16,15,reg2,Final_electricity,0.0
1143,Y16,16,reg2,Final_electricity,0.0
1144,Y16,17,reg2,Final_electricity,0.0
1145,Y16,18,reg2,Final_electricity,0.0
1146,Y16,19,reg2,Final_electricity,0.0
1147,Y16,20,reg2,Final_electricity,0.0
1148,Y16,21,reg2,Final_electricity,0.0
1149,Y16,22,reg2,Final_electricity,0.0
1150,Y16,23,reg2,Final_electricity,0.0
1151,Y16,24,reg2,Final_electricity,0.0
1152,Y17,1,reg2,Final_electricity,0.0
1153,Y17,2,reg2,Final_electricity,0.0
1154,Y17,3,reg2,Final_electricity,0.0
1155,Y17,4,reg2,Final_electricity,0.0
1156,Y17,5,reg2,Final_electricity,0.0
1157,Y17,6,reg2,Final_electricity,0.0
1158,Y17,7,reg2,Final_electricity,0.0
1159,Y17,8,reg2,Final_electricity,0.0
1160,Y17,9,reg2,Final_electricity,0.0
1161,Y17,10,reg2,Final_electricity,0.0
1162,Y17,11,reg2,Final_electricity,0.0
1163,Y17,12,reg2,Final_electricity,0.0
1164,Y17,13,reg2,Final_electricity,0.0
1165,Y17,14,reg2,Final_electricity,0.0
1166,Y17,15,reg2,Final_electricity,0.0
1167,Y17,16,reg2,Final_electricity,0.0
1168,Y17,17,reg2,Final_electricity,0.0
1169,Y17,18,reg2,Final_electricity,0.0
1170,Y17,19,reg2,Final_electricity,0.0
1171,Y17,20,reg2,Final_electricity,0.0
1172,Y17,21,reg2,Final_electricity,0.0
1173,Y17,22,reg2,Final_electricity,0.0
1174,Y17,23,reg2,Final_electricity,0.0
1175,Y17,24,reg2,Final_electricity,0.0
1176,Y18,1,reg2,Final_electricity,0.0
1177,Y18,2,reg2,Final_electricity,0.0
1178,Y18,3,reg2,Final_electricity,0.0
1179,Y18,4,reg2,Final_electricity,0.0
1180,Y18,5,reg2,Final_electricity,0.0
1181,Y18,6,reg2,Final_electricity,0.0
1182,Y18,7,reg2,Final_electricity,0.0
1183,Y18,8,reg2,Final_electricity,0.0
1184,Y18,9,reg2,Final_electricity,0.0
1185,Y18,10,reg2,Final_electricity,0.0
1186,Y18,11,reg2,Final_electricity,0.0
1187,Y18,12,reg2,Final_electricity,0.0
1188,Y18,13,reg2,Final_electricity,0.0
1189,Y18,14,reg2,Final_electricity,0.0
1190,Y18,15,reg2,Final_electricity,0.0
1191,Y18,16,reg2,Final_electricity,0.0
1192,Y18,17,reg2,Final_electricity,0.0
1193,Y18,18,reg2,Final_electricity,0.0
1194,Y18,19,reg2,Final_electricity,0.0
1195,Y18,20,reg2,Final_electricity,0.0
1196,Y18,21,reg2,Final_electricity,0.0
1197,Y18,22,reg2,Final_electricity,0.0
1198,Y18,23,reg2,Final_electricity,0.0
1199,Y18,24,reg2,Final_electricity,0.0
1200,Y19,1,reg2,Final_electricity,0.0
1201,Y19,2,reg2,Final_electricity,0.0
1202,Y19,3,reg2,Final_electricity,0.0
1203,Y19,4,reg2,Final_electricity,0.0
1204,Y19,5,reg2,Final_electricity,0.0
1205,Y19,6,reg2,Final_electricity,0.0
1206,Y19,7,reg2,Final_electricity,0.0
1207,Y19,8,reg2,Final_electricity,0.0
1208,Y19,9,reg2,Final_electricity,0.0
1209,Y19,10,reg2,Final_electricity,0.0
1210,Y19,11,reg2,Final_electricity,0.0
1211,Y19,12,reg2,Final_electricity,0.0
1212,Y19,13,reg2,Final_electricity,0.0
1213,Y19,14,reg2,Final_electricity,0.0
1214,Y19,15,reg2,Final_electricity,0.0
1215,Y19,16,reg2,Final_electricity,0.0
1216,Y19,17,reg2,Final_electricity,0.0
1217,Y19,18,reg2,Final_electricity,0.0
1218,Y19,19,reg2,Final_electricity,0.0
1219,Y19,20,reg2,Final_electricity,0.0
1220,Y19,21,reg2,Final_electricity,0.0
1221,Y19,22,reg2,Final_electricity,0.0
1222,Y19,23,reg2,Final_electricity,0.0
1223,Y19,24,reg2,Final_electricity,0.0
1224,Y20,1,reg2,Final_electricity,0.0
1225,Y20,2,reg2,Final_electricity,0.0
1226,Y20,3,reg2,Final_electricity,0.0
1227,Y20,4,reg2,Final_electricity,0.0
1228,Y20,5,reg2,Final_electricity,0.0
1229,Y20,6,reg2,Final_electricity,0.0
1230,Y20,7,reg2,Final_electricity,0.0
1231,Y20,8,reg2,Final_electricity,0.0
1232,Y20,9,reg2,Final_electricity,0.0
1233,Y20,10,reg2,Final_electricity,0.0
1234,Y20,11,reg2,Final_electricity,0.0
1235,Y20,12,reg2,Final_electricity,0.0
1236,Y20,13,reg2,Final_electricity,0.0
1237,Y20,14,reg2,Final_electricity,0.0
1238,Y20,15,reg2,Final_electricity,0.0
1239,Y20,16,reg2,Final_electricity,0.0
1240,Y20,17,reg2,Final_electricity,0.0
1241,Y20,18,reg2,Final_electricity,0.0
1242,Y20,19,reg2,Final_electricity,0.0
1243,Y20,20,reg2,Final_electricity,0.0
1244,Y20,21,reg2,Final_electricity,0.0
1245,Y20,22,reg2,Final_electricity,0.0
1246,Y20,23,reg2,Final_electricity,0.0
1247,Y20,24,reg2,Final_electricity,0.0
1248,Y21,1,reg2,Final_electricity,0.0
1249,Y21,2,reg2,Final_electricity,0.0
1250,Y21,3,reg2,Final_electricity,0.0
1251,Y21,4,reg2,Final_electricity,0.0
1252,Y21,5,reg2,Final_electricity,0.0
1253,Y21,6,reg2,Final_electricity,0.0
1254,Y21,7,reg2,Final_electricity,0.0
1255,Y21,8,reg2,Final_electricity,0.0
1256,Y21,9,reg2,Final_electricity,0.0
1257,Y21,10,reg2,Final_electricity,0.0
1258,Y21,11,reg2,Final_electricity,0.0
1259,Y21,12,reg2,Final_electricity,0.0
1260,Y21,13,reg2,Final_electricity,0.0
1261,Y21,14,reg2,Final_electricity,0.0
1262,Y21,15,reg2,Final_electricity,0.0
1263,Y21,16,reg2,Final_electricity,0.0
1264,Y21,17,reg2,Final_electricity,0.0
1265,Y21,18,reg2,Final_electricity,0.0
1266,Y21,19,reg2,Final_electricity,0.0
1267,Y21,20,reg2,Final_electricity,0.0
1268,Y21,21,reg2,Final_electricity,0.0
1269,Y21,22,reg2,Final_electricity,0.0
1270,Y21,23,reg2,Final_electricity,0.0
1271,Y21,24,reg2,Final_electricity,0.0
1272,Y22,1,reg2,Final_electricity,0.0
1273,Y22,2,reg2,Final_electricity,0.0
1274,Y22,3,reg2,Final_electricity,0.0
1275,Y22,4,reg2,Final_electricity,0.0
1276,Y22,5,reg2,Final_electricity,0.0
1277,Y22,6,reg2,Final_electricity,0.0
1278,Y22,7,reg2,Final_electricity,0.0
1279,Y22,8,reg2,Final_electricity,0.0
1280,Y22,9,reg2,Final_electricity,0.0
1281,Y22,10,reg2,Final_electricity,0.0
1282,Y22,11,reg2,Final_electricity,0.0
1283,Y22,12,reg2,Final_electricity,0.0
1284,Y22,13,reg2,Final_electricity,0.0
1285,Y22,14,reg2,Final_electricity,0.0
1286,Y22,15,reg2,Final_electricity,0.0
1287,Y22,16,reg2,Final_electricity,0.0
1288,Y22,17,reg2,Final_electricity,0.0
1289,Y22,18,reg2,Final_electricity,0.0
1290,Y22,19,reg2,Final_electricity,0.0
1291,Y22,20,reg2,Final_electricity,0.0
1292,Y22,21,reg2,Final_electricity,0.0
1293,Y22,22,reg2,Final_electricity,0.0
1294,Y22,23,reg2,Final_electricity,0.0
1295,Y22,24,reg2,Final_electricity,0.0
1296,Y23,1,reg2,Final_electricity,0.0
1297,Y23,2,reg2,Final_electricity,0.0
1298,Y23,3,reg2,Final_electricity,0.0
1299,Y23,4,reg2,Final_electricity,0.0
1300,Y23,5,reg2,Final_electricity,0.0
1301,Y23,6,reg2,Final_electricity,0.0
1302,Y23,7,reg2,Final_electricity,0.0
1303,Y23,8,reg2,Final_electricity,0.0
1304,Y23,9,reg2,Final_electricity,0.0
1305,Y23,10,reg2,Final_electricity,0.0
1306,Y23,11,reg2,Final_electricity,0.0
1307,Y23,12,reg2,Final_electricity,0.0
1308,Y23,13,reg2,Final_electricity,0.0
1309,Y23,14,reg2,Final_electricity,0.0
1310,Y23,15,reg2,Final_electricity,0.0
1311,Y23,16,reg2,Final_electricity,0.0
1312,Y23,17,reg2,Final_electricity,0.0
1313,Y23,18,reg2,Final_electricity,0.0
1314,Y23,19,reg2,Final_electricity,0.0
1315,Y23,20,reg2,Final_electricity,0.0
1316,Y23,21,reg2,Final_electricity,0.0
1317,Y23,22,reg2,Final_electricity,0.0
1318,Y23,23,reg2,Final_electricity,0.0
1319,Y23,24,reg2,Final_electricity,0.0
1320,Y24,1,reg2,Final_electricity,0.0
1321,Y24,2,reg2,Final_electricity,0.0
1322,Y24,3,reg2,Final_electricity,0.0
1323,Y24,4,reg2,Final_electricity,0.0
1324,Y24,5,reg2,Final_electricity,0.0
1325,Y24,6,reg2,Final_electricity,0.0
1326,Y24,7,reg2,Final_electricity,0.0
1327,Y24,8,reg2,Final_electricity,0.0
1328,Y24,9,reg2,Final_electricity,0.0
1329,Y24,10,reg2,Final_electricity,0.0
1330,Y24,11,reg2,Final_electricity,0.0
1331,Y24,12,reg2,Final_electricity,0.0
1332,Y24,13,reg2,Final_electricity,0.0
1333,Y24,14,reg2,Final_electricity,0.0
1334,Y24,15,reg2,Final_electricity,0.0
1335,Y24,16,reg2,Final_electricity,0.0
1336,Y24,17,reg2,Final_electricity,0.0
1337,Y24,18,reg2,Final_electricity,0.0
1338,Y24,19,reg2,Final_electricity,0.0
1339,Y24,20,reg2,Final_electricity,0.0
1340,Y24,21,reg2,Final_electricity,0.0
1341,Y24,22,reg2,Final_electricity,0.0
1342,Y24,23,reg2,Final_electricity,0.0
1343,Y24,24,reg2,Final_electricity,0.0
1344,Y25,1,reg2,Final_electricity,0.0
1345,Y25,2,reg2,Final_electricity,0.0
1346,Y25,3,reg2,Final_electricity,0.0
1347,Y25,4,reg2,Final_electricity,0.0
1348,Y25,5,reg2,Final_electricity,0.0
1349,Y25,6,reg2,Final_electricity,0.0
1350,Y25,7,reg2,Final_electricity,0.0
1351,Y25,8,reg2,Final_electricity,0.0
1352,Y25,9,reg2,Final_electricity,0.0
1353,Y25,10,reg2,Final_electricity,0.0
1354,Y25,11,reg2,Final_electricity,0.0
1355,Y25,12,reg2,Final_electricity,0.0
1356,Y25,13,reg2,Final_electricity,0.0
1357,Y25,14,reg2,Final_electricity,0.0
1358,Y25,15,reg2,Final_electricity,0.0
1359,Y25,16,reg2,Final_electricity,0.0
1360,Y25,17,reg2,Final_electricity,0.0
1361,Y25,18,reg2,Final_electricity,0.0
1362,Y25,19,reg2,Final_electricity,0.0
1363,Y25,20,reg2,Final_electricity,0.0
1364,Y25,21,reg2,Final_electricity,0.0
1365,Y25,22,reg2,Final_electricity,0.0
1366,Y25,23,reg2,Final_electricity,0.0
1367,Y25,24,reg2,Final_electricity,0.0
1368,Y26,1,reg2,Final_electricity,0.0
1369,Y26,2,reg2,Final_electricity,0.0
1370,Y26,3,reg2,Final_electricity,0.0
1371,Y26,4,reg2,Final_electricity,0.0
1372,Y26,5,reg2,Final_electricity,0.0
1373,Y26,6,reg2,Final_electricity,0.0
1374,Y26,7,reg2,Final_electricity,0.0
1375,Y26,8,reg2,Final_electricity,0.0
1376,Y26,9,reg2,Final_electricity,0.0
1377,Y26,10,reg2,Final_electricity,0.0
1378,Y26,11,reg2,Final_electricity,0.0
1379,Y26,12,reg2,Final_electricity,0.0
1380,Y26,13,reg2,Final_electricity,0.0
1381,Y26,14,reg2,Final_electricity,0.0
1382,Y26,15,reg2,Final_electricity,0.0
1383,Y26,16,reg2,Final_electricity,0.0
1384,Y26,17,reg2,Final_electricity,0.0
1385,Y26,18,reg2,Final_electricity,0.0
1386,Y26,19,reg2,Final_electricity,0.0
1387,Y26,20,reg2,Final_electricity,0.0
1388,Y26,21,reg2,Final_electricity,0.0
1389,Y26,22,reg2,Final_electricity,0.0
1390,Y26,23,reg2,Final_electricity,0.0
1391,Y26,24,reg2,Final_electricity,0.0
1392,Y27,1,reg2,Final_electricity,0.0
1393,Y27,2,reg2,Final_electricity,0.0
1394,Y27,3,reg2,Final_electricity,0.0
1395,Y27,4,reg2,Final_electricity,0.0
1396,Y27,5,reg2,Final_electricity,0.0
1397,Y27,6,reg2,Final_electricity,0.0
1398,Y27,7,reg2,Final_electricity,0.0
1399,Y27,8,reg2,Final_electricity,0.0
1400,Y27,9,reg2,Final_electricity,0.0
1401,Y27,10,reg2,Final_electricity,0.0
1402,Y27,11,reg2,Final_electricity,0.0
1403,Y27,12,reg2,Final_electricity,0.0
1404,Y27,13,reg2,Final_electricity,0.0
1405,Y27,14,reg2,Final_electricity,0.0
1406,Y27,15,reg2,Final_electricity,0.0
1407,Y27,16,reg2,Final_electricity,0.0
1408,Y27,17,reg2,Final_electricity,0.0
1409,Y27,18,reg2,Final_electricity,0.0
1410,Y27,19,reg2,Final_electricity,0.0
1411,Y27,20,reg2,Final_electricity,0.0
1412,Y27,21,reg2,Final_electricity,0.0
1413,Y27,22,reg2,Final_electricity,0.0
1414,Y27,23,reg2,Final_electricity,0.0
1415,Y27,24,reg2,Final_electricity,0.0
1416,Y28,1,reg2,Final_electricity,0.0
1417,Y28,2,reg2,Final_electricity,0.0
1418,Y28,3,reg2,Final_electricity,0.0
1419,Y28,4,reg2,Final_electricity,0.0
1420,Y28,5,reg2,Final_electricity,0.0
1421,Y28,6,reg2,Final_electricity,0.0
1422,Y28,7,reg2,Final_electricity,0.0
1423,Y28,8,reg2,Final_electricity,0.0
1424,Y28,9,reg2,Final_electricity,0.0
1425,Y28,10,reg2,Final_electricity,0.0
1426,Y28,11,reg2,Final_electricity,0.0
1427,Y28,12,reg2,Final_electricity,0.0
1428,Y28,13,reg2,Final_electricity,0.0
1429,Y28,14,reg2,Final_electricity,0.0
1430,Y28,15,reg2,Final_electricity,0.0
1431,Y28,16,reg2,Final_electricity,0.0
1432,Y28,17,reg2,Final_electricity,0.0
1433,Y28,18,reg2,Final_electricity,0.0
1434,Y28,19,reg2,Final_electricity,0.0
1435,Y28,20,reg2,Final_electricity,0.0
1436,Y28,21,reg2,Final_electricity,0.0
1437,Y28,22,reg2,Final_electricity,0.0
1438,Y28,23,reg2,Final_electricity,0.0
1439,Y28,24,reg2,Final_electricity,0.0
1440,Y29,1,reg2,Final_electricity,0.0
1441,Y29,2,reg2,Final_electricity,0.0
1442,Y29,3,reg2,Final_electricity,0.0
1443,Y29,4,reg2,Final_electricity,0.0
1444,Y29,5,reg2,Final_electricity,0.0
1445,Y29,6,reg2,Final_electricity,0.0
1446,Y29,7,reg2,Final_electricity,0.0
1447,Y29,8,reg2,Final_electricity,0.0
1448,Y29,9,reg2,Final_electricity,0.0
1449,Y29,10,reg2,Final_electricity,0.0
1450,Y29,11,reg2,Final_electricity,0.0
1451,Y29,12,reg2,Final_electricity,0.0
1452,Y29,13,reg2,Final_electricity,0.0
1453,Y29,14,reg2,Final_electricity,0.0
1454,Y29,15,reg2,Final_electricity,0.0
1455,Y29,16,reg2,Final_electricity,0.0
1456,Y29,17,reg2,Final_electricity,0.0
1457,Y29,18,reg2,Final_electricity,0.0
1458,Y29,19,reg2,Final_electricity,0.0
1459,Y29,20,reg2,Final_electricity,0.0
1460,Y29,21,reg2,Final_electricity,0.0
1461,Y29,22,reg2,Final_electricity,0.0
1462,Y29,23,reg2,Final_electricity,0.0
1463,Y29,24,reg2,Final_electricity,0.0
1464,Y30,1,reg2,Final_electricity,0.0
1465,Y30,2,reg2,Final_electricity,0.0
1466,Y30,3,reg2,Final_electricity,0.0
1467,Y30,4,reg2,Final_electricity,0.0
1468,Y30,5,reg2,Final_electricity,0.0
1469,Y30,6,reg2,Final_electricity,0.0
1470,Y30,7,reg2,Final_electricity,0.0
1471,Y30,8,reg2,Final_electricity,0.0
1472,Y30,9,reg2,Final_electricity,0.0
1473,Y30,10,reg2,Final_electricity,0.0
1474,Y30,11,reg2,Final_electricity,0.0
1475,Y30,12,reg2,Final_electricity,0.0
1476,Y30,13,reg2,Final_electricity,0.0
1477,Y30,14,reg2,Final_electricity,0.0
1478,Y30,15,reg2,Final_electricity,0.0
1479,Y30,16,reg2,Final_electricity,0.0
1480,Y30,17,reg2,Final_electricity,0.0
1481,Y30,18,reg2,Final_electricity,0.0
1482,Y30,19,reg2,Final_electricity,0.0
1483,Y30,20,reg2,Final_electricity,0.0
1484,Y30,21,reg2,Final_electricity,0.0
1485,Y30,22,reg2,Final_electricity,0.0
1486,Y30,23,reg2,Final_electricity,0.0
1487,Y30,24,reg2,Final_electricity,0.0
