,Year,Timesteps,Region,Technology,Carrier,Value
0,2020,1,reg1,Oil_supply,Oil,70.0
1,2020,2,reg1,Oil_supply,Oil,70.0
2,2020,3,reg1,Oil_supply,Oil,70.0
3,2020,4,reg1,Oil_supply,Oil,70.0
4,2020,5,reg1,Oil_supply,Oil,70.0
5,2020,6,reg1,Oil_supply,Oil,70.0
6,2020,7,reg1,Oil_supply,Oil,70.0
7,2020,8,reg1,Oil_supply,Oil,70.0
8,2020,9,reg1,Oil_supply,Oil,70.0
9,2020,10,reg1,Oil_supply,Oil,70.0
10,2020,11,reg1,Oil_supply,Oil,70.0
11,2020,12,reg1,Oil_supply,Oil,70.0
12,2020,13,reg1,Oil_supply,Oil,70.0
13,2020,14,reg1,Oil_supply,Oil,70.0
14,2020,15,reg1,Oil_supply,Oil,70.0
15,2020,16,reg1,Oil_supply,Oil,70.0
16,2020,17,reg1,Oil_supply,Oil,70.0
17,2020,18,reg1,Oil_supply,Oil,70.0
18,2020,19,reg1,Oil_supply,Oil,70.0
19,2020,20,reg1,Oil_supply,Oil,70.0
20,2020,21,reg1,Oil_supply,Oil,70.0
21,2020,22,reg1,Oil_supply,Oil,70.0
22,2020,23,reg1,Oil_supply,Oil,70.0
23,2020,24,reg1,Oil_supply,Oil,70.0
24,2021,1,reg1,Oil_supply,Oil,0.0
25,2021,2,reg1,Oil_supply,Oil,0.0
26,2021,3,reg1,Oil_supply,Oil,0.0
27,2021,4,reg1,Oil_supply,Oil,0.0
28,2021,5,reg1,Oil_supply,Oil,0.0
29,2021,6,reg1,Oil_supply,Oil,0.0
30,2021,7,reg1,Oil_supply,Oil,0.0
31,2021,8,reg1,Oil_supply,Oil,0.0
32,2021,9,reg1,Oil_supply,Oil,0.0
33,2021,10,reg1,Oil_supply,Oil,0.0
34,2021,11,reg1,Oil_supply,Oil,0.0
35,2021,12,reg1,Oil_supply,Oil,0.0
36,2021,13,reg1,Oil_supply,Oil,0.0
37,2021,14,reg1,Oil_supply,Oil,0.0
38,2021,15,reg1,Oil_supply,Oil,0.0
39,2021,16,reg1,Oil_supply,Oil,0.0
40,2021,17,reg1,Oil_supply,Oil,0.0
41,2021,18,reg1,Oil_supply,Oil,0.0
42,2021,19,reg1,Oil_supply,Oil,0.0
43,2021,20,reg1,Oil_supply,Oil,0.0
44,2021,21,reg1,Oil_supply,Oil,0.0
45,2021,22,reg1,Oil_supply,Oil,0.0
46,2021,23,reg1,Oil_supply,Oil,0.0
47,2021,24,reg1,Oil_supply,Oil,0.0
48,2022,1,reg1,Oil_supply,Oil,0.0
49,2022,2,reg1,Oil_supply,Oil,0.0
50,2022,3,reg1,Oil_supply,Oil,0.0
51,2022,4,reg1,Oil_supply,Oil,0.0
52,2022,5,reg1,Oil_supply,Oil,0.0
53,2022,6,reg1,Oil_supply,Oil,0.0
54,2022,7,reg1,Oil_supply,Oil,0.0
55,2022,8,reg1,Oil_supply,Oil,0.0
56,2022,9,reg1,Oil_supply,Oil,0.0
57,2022,10,reg1,Oil_supply,Oil,0.0
58,2022,11,reg1,Oil_supply,Oil,0.0
59,2022,12,reg1,Oil_supply,Oil,0.0
60,2022,13,reg1,Oil_supply,Oil,0.0
61,2022,14,reg1,Oil_supply,Oil,0.0
62,2022,15,reg1,Oil_supply,Oil,0.0
63,2022,16,reg1,Oil_supply,Oil,0.0
64,2022,17,reg1,Oil_supply,Oil,0.0
65,2022,18,reg1,Oil_supply,Oil,0.0
66,2022,19,reg1,Oil_supply,Oil,0.0
67,2022,20,reg1,Oil_supply,Oil,0.0
68,2022,21,reg1,Oil_supply,Oil,0.0
69,2022,22,reg1,Oil_supply,Oil,0.0
70,2022,23,reg1,Oil_supply,Oil,0.0
71,2022,24,reg1,Oil_supply,Oil,0.0
72,2020,1,reg1,HFO_PP,Electricity,70.0
73,2020,2,reg1,HFO_PP,Electricity,70.0
74,2020,3,reg1,HFO_PP,Electricity,70.0
75,2020,4,reg1,HFO_PP,Electricity,70.0
76,2020,5,reg1,HFO_PP,Electricity,70.0
77,2020,6,reg1,HFO_PP,Electricity,70.0
78,2020,7,reg1,HFO_PP,Electricity,70.0
79,2020,8,reg1,HFO_PP,Electricity,70.0
80,2020,9,reg1,HFO_PP,Electricity,70.0
81,2020,10,reg1,HFO_PP,Electricity,70.0
82,2020,11,reg1,HFO_PP,Electricity,70.0
83,2020,12,reg1,HFO_PP,Electricity,70.0
84,2020,13,reg1,HFO_PP,Electricity,70.0
85,2020,14,reg1,HFO_PP,Electricity,70.0
86,2020,15,reg1,HFO_PP,Electricity,70.0
87,2020,16,reg1,HFO_PP,Electricity,70.0
88,2020,17,reg1,HFO_PP,Electricity,70.0
89,2020,18,reg1,HFO_PP,Electricity,70.0
90,2020,19,reg1,HFO_PP,Electricity,70.0
91,2020,20,reg1,HFO_PP,Electricity,70.0
92,2020,21,reg1,HFO_PP,Electricity,70.0
93,2020,22,reg1,HFO_PP,Electricity,70.0
94,2020,23,reg1,HFO_PP,Electricity,70.0
95,2020,24,reg1,HFO_PP,Electricity,70.0
96,2021,1,reg1,HFO_PP,Electricity,0.0
97,2021,2,reg1,HFO_PP,Electricity,0.0
98,2021,3,reg1,HFO_PP,Electricity,0.0
99,2021,4,reg1,HFO_PP,Electricity,0.0
100,2021,5,reg1,HFO_PP,Electricity,0.0
101,2021,6,reg1,HFO_PP,Electricity,0.0
102,2021,7,reg1,HFO_PP,Electricity,0.0
103,2021,8,reg1,HFO_PP,Electricity,0.0
104,2021,9,reg1,HFO_PP,Electricity,0.0
105,2021,10,reg1,HFO_PP,Electricity,0.0
106,2021,11,reg1,HFO_PP,Electricity,0.0
107,2021,12,reg1,HFO_PP,Electricity,0.0
108,2021,13,reg1,HFO_PP,Electricity,0.0
109,2021,14,reg1,HFO_PP,Electricity,0.0
110,2021,15,reg1,HFO_PP,Electricity,0.0
111,2021,16,reg1,HFO_PP,Electricity,0.0
112,2021,17,reg1,HFO_PP,Electricity,0.0
113,2021,18,reg1,HFO_PP,Electricity,0.0
114,2021,19,reg1,HFO_PP,Electricity,0.0
115,2021,20,reg1,HFO_PP,Electricity,0.0
116,2021,21,reg1,HFO_PP,Electricity,0.0
117,2021,22,reg1,HFO_PP,Electricity,0.0
118,2021,23,reg1,HFO_PP,Electricity,0.0
119,2021,24,reg1,HFO_PP,Electricity,0.0
120,2022,1,reg1,HFO_PP,Electricity,0.0
121,2022,2,reg1,HFO_PP,Electricity,0.0
122,2022,3,reg1,HFO_PP,Electricity,0.0
123,2022,4,reg1,HFO_PP,Electricity,0.0
124,2022,5,reg1,HFO_PP,Electricity,0.0
125,2022,6,reg1,HFO_PP,Electricity,0.0
126,2022,7,reg1,HFO_PP,Electricity,0.0
127,2022,8,reg1,HFO_PP,Electricity,0.0
128,2022,9,reg1,HFO_PP,Electricity,0.0
129,2022,10,reg1,HFO_PP,Electricity,0.0
130,2022,11,reg1,HFO_PP,Electricity,0.0
131,2022,12,reg1,HFO_PP,Electricity,0.0
132,2022,13,reg1,HFO_PP,Electricity,0.0
133,2022,14,reg1,HFO_PP,Electricity,0.0
134,2022,15,reg1,HFO_PP,Electricity,0.0
135,2022,16,reg1,HFO_PP,Electricity,0.0
136,2022,17,reg1,HFO_PP,Electricity,0.0
137,2022,18,reg1,HFO_PP,Electricity,0.0
138,2022,19,reg1,HFO_PP,Electricity,0.0
139,2022,20,reg1,HFO_PP,Electricity,0.0
140,2022,21,reg1,HFO_PP,Electricity,0.0
141,2022,22,reg1,HFO_PP,Electricity,0.0
142,2022,23,reg1,HFO_PP,Electricity,0.0
143,2022,24,reg1,HFO_PP,Electricity,0.0
144,2020,1,reg1,NG_CC_PP,Electricity,0.0
145,2020,2,reg1,NG_CC_PP,Electricity,0.0
146,2020,3,reg1,NG_CC_PP,Electricity,0.0
147,2020,4,reg1,NG_CC_PP,Electricity,0.0
148,2020,5,reg1,NG_CC_PP,Electricity,0.0
149,2020,6,reg1,NG_CC_PP,Electricity,0.0
150,2020,7,reg1,NG_CC_PP,Electricity,0.0
151,2020,8,reg1,NG_CC_PP,Electricity,0.0
152,2020,9,reg1,NG_CC_PP,Electricity,0.0
153,2020,10,reg1,NG_CC_PP,Electricity,0.0
154,2020,11,reg1,NG_CC_PP,Electricity,0.0
155,2020,12,reg1,NG_CC_PP,Electricity,0.0
156,2020,13,reg1,NG_CC_PP,Electricity,0.0
157,2020,14,reg1,NG_CC_PP,Electricity,0.0
158,2020,15,reg1,NG_CC_PP,Electricity,0.0
159,2020,16,reg1,NG_CC_PP,Electricity,0.0
160,2020,17,reg1,NG_CC_PP,Electricity,0.0
161,2020,18,reg1,NG_CC_PP,Electricity,0.0
162,2020,19,reg1,NG_CC_PP,Electricity,0.0
163,2020,20,reg1,NG_CC_PP,Electricity,0.0
164,2020,21,reg1,NG_CC_PP,Electricity,0.0
165,2020,22,reg1,NG_CC_PP,Electricity,0.0
166,2020,23,reg1,NG_CC_PP,Electricity,0.0
167,2020,24,reg1,NG_CC_PP,Electricity,0.0
168,2021,1,reg1,NG_CC_PP,Electricity,0.0
169,2021,2,reg1,NG_CC_PP,Electricity,0.0
170,2021,3,reg1,NG_CC_PP,Electricity,0.0
171,2021,4,reg1,NG_CC_PP,Electricity,0.0
172,2021,5,reg1,NG_CC_PP,Electricity,0.0
173,2021,6,reg1,NG_CC_PP,Electricity,0.0
174,2021,7,reg1,NG_CC_PP,Electricity,0.0
175,2021,8,reg1,NG_CC_PP,Electricity,0.0
176,2021,9,reg1,NG_CC_PP,Electricity,0.0
177,2021,10,reg1,NG_CC_PP,Electricity,0.0
178,2021,11,reg1,NG_CC_PP,Electricity,0.0
179,2021,12,reg1,NG_CC_PP,Electricity,0.0
180,2021,13,reg1,NG_CC_PP,Electricity,0.0
181,2021,14,reg1,NG_CC_PP,Electricity,0.0
182,2021,15,reg1,NG_CC_PP,Electricity,0.0
183,2021,16,reg1,NG_CC_PP,Electricity,0.0
184,2021,17,reg1,NG_CC_PP,Electricity,0.0
185,2021,18,reg1,NG_CC_PP,Electricity,0.0
186,2021,19,reg1,NG_CC_PP,Electricity,0.0
187,2021,20,reg1,NG_CC_PP,Electricity,0.0
188,2021,21,reg1,NG_CC_PP,Electricity,0.0
189,2021,22,reg1,NG_CC_PP,Electricity,0.0
190,2021,23,reg1,NG_CC_PP,Electricity,0.0
191,2021,24,reg1,NG_CC_PP,Electricity,0.0
192,2022,1,reg1,NG_CC_PP,Electricity,0.0
193,2022,2,reg1,NG_CC_PP,Electricity,0.0
194,2022,3,reg1,NG_CC_PP,Electricity,0.0
195,2022,4,reg1,NG_CC_PP,Electricity,0.0
196,2022,5,reg1,NG_CC_PP,Electricity,0.0
197,2022,6,reg1,NG_CC_PP,Electricity,0.0
198,2022,7,reg1,NG_CC_PP,Electricity,0.0
199,2022,8,reg1,NG_CC_PP,Electricity,0.0
200,2022,9,reg1,NG_CC_PP,Electricity,0.0
201,2022,10,reg1,NG_CC_PP,Electricity,0.0
202,2022,11,reg1,NG_CC_PP,Electricity,0.0
203,2022,12,reg1,NG_CC_PP,Electricity,0.0
204,2022,13,reg1,NG_CC_PP,Electricity,0.0
205,2022,14,reg1,NG_CC_PP,Electricity,0.0
206,2022,15,reg1,NG_CC_PP,Electricity,0.0
207,2022,16,reg1,NG_CC_PP,Electricity,0.0
208,2022,17,reg1,NG_CC_PP,Electricity,0.0
209,2022,18,reg1,NG_CC_PP,Electricity,0.0
210,2022,19,reg1,NG_CC_PP,Electricity,0.0
211,2022,20,reg1,NG_CC_PP,Electricity,0.0
212,2022,21,reg1,NG_CC_PP,Electricity,0.0
213,2022,22,reg1,NG_CC_PP,Electricity,0.0
214,2022,23,reg1,NG_CC_PP,Electricity,0.0
215,2022,24,reg1,NG_CC_PP,Electricity,0.0
216,2020,1,reg1,NG_CC_PP,Final_electricity,0.0
217,2020,2,reg1,NG_CC_PP,Final_electricity,0.0
218,2020,3,reg1,NG_CC_PP,Final_electricity,0.0
219,2020,4,reg1,NG_CC_PP,Final_electricity,0.0
220,2020,5,reg1,NG_CC_PP,Final_electricity,0.0
221,2020,6,reg1,NG_CC_PP,Final_electricity,0.0
222,2020,7,reg1,NG_CC_PP,Final_electricity,0.0
223,2020,8,reg1,NG_CC_PP,Final_electricity,0.0
224,2020,9,reg1,NG_CC_PP,Final_electricity,0.0
225,2020,10,reg1,NG_CC_PP,Final_electricity,0.0
226,2020,11,reg1,NG_CC_PP,Final_electricity,0.0
227,2020,12,reg1,NG_CC_PP,Final_electricity,0.0
228,2020,13,reg1,NG_CC_PP,Final_electricity,0.0
229,2020,14,reg1,NG_CC_PP,Final_electricity,0.0
230,2020,15,reg1,NG_CC_PP,Final_electricity,0.0
231,2020,16,reg1,NG_CC_PP,Final_electricity,0.0
232,2020,17,reg1,NG_CC_PP,Final_electricity,0.0
233,2020,18,reg1,NG_CC_PP,Final_electricity,0.0
234,2020,19,reg1,NG_CC_PP,Final_electricity,0.0
235,2020,20,reg1,NG_CC_PP,Final_electricity,0.0
236,2020,21,reg1,NG_CC_PP,Final_electricity,0.0
237,2020,22,reg1,NG_CC_PP,Final_electricity,0.0
238,2020,23,reg1,NG_CC_PP,Final_electricity,0.0
239,2020,24,reg1,NG_CC_PP,Final_electricity,0.0
240,2021,1,reg1,NG_CC_PP,Final_electricity,0.0
241,2021,2,reg1,NG_CC_PP,Final_electricity,0.0
242,2021,3,reg1,NG_CC_PP,Final_electricity,0.0
243,2021,4,reg1,NG_CC_PP,Final_electricity,0.0
244,2021,5,reg1,NG_CC_PP,Final_electricity,0.0
245,2021,6,reg1,NG_CC_PP,Final_electricity,0.0
246,2021,7,reg1,NG_CC_PP,Final_electricity,0.0
247,2021,8,reg1,NG_CC_PP,Final_electricity,0.0
248,2021,9,reg1,NG_CC_PP,Final_electricity,0.0
249,2021,10,reg1,NG_CC_PP,Final_electricity,0.0
250,2021,11,reg1,NG_CC_PP,Final_electricity,0.0
251,2021,12,reg1,NG_CC_PP,Final_electricity,0.0
252,2021,13,reg1,NG_CC_PP,Final_electricity,0.0
253,2021,14,reg1,NG_CC_PP,Final_electricity,0.0
254,2021,15,reg1,NG_CC_PP,Final_electricity,0.0
255,2021,16,reg1,NG_CC_PP,Final_electricity,0.0
256,2021,17,reg1,NG_CC_PP,Final_electricity,0.0
257,2021,18,reg1,NG_CC_PP,Final_electricity,0.0
258,2021,19,reg1,NG_CC_PP,Final_electricity,0.0
259,2021,20,reg1,NG_CC_PP,Final_electricity,0.0
260,2021,21,reg1,NG_CC_PP,Final_electricity,0.0
261,2021,22,reg1,NG_CC_PP,Final_electricity,0.0
262,2021,23,reg1,NG_CC_PP,Final_electricity,0.0
263,2021,24,reg1,NG_CC_PP,Final_electricity,0.0
264,2022,1,reg1,NG_CC_PP,Final_electricity,0.0
265,2022,2,reg1,NG_CC_PP,Final_electricity,0.0
266,2022,3,reg1,NG_CC_PP,Final_electricity,0.0
267,2022,4,reg1,NG_CC_PP,Final_electricity,0.0
268,2022,5,reg1,NG_CC_PP,Final_electricity,0.0
269,2022,6,reg1,NG_CC_PP,Final_electricity,0.0
270,2022,7,reg1,NG_CC_PP,Final_electricity,0.0
271,2022,8,reg1,NG_CC_PP,Final_electricity,0.0
272,2022,9,reg1,NG_CC_PP,Final_electricity,0.0
273,2022,10,reg1,NG_CC_PP,Final_electricity,0.0
274,2022,11,reg1,NG_CC_PP,Final_electricity,0.0
275,2022,12,reg1,NG_CC_PP,Final_electricity,0.0
276,2022,13,reg1,NG_CC_PP,Final_electricity,0.0
277,2022,14,reg1,NG_CC_PP,Final_electricity,0.0
278,2022,15,reg1,NG_CC_PP,Final_electricity,0.0
279,2022,16,reg1,NG_CC_PP,Final_electricity,0.0
280,2022,17,reg1,NG_CC_PP,Final_electricity,0.0
281,2022,18,reg1,NG_CC_PP,Final_electricity,0.0
282,2022,19,reg1,NG_CC_PP,Final_electricity,0.0
283,2022,20,reg1,NG_CC_PP,Final_electricity,0.0
284,2022,21,reg1,NG_CC_PP,Final_electricity,0.0
285,2022,22,reg1,NG_CC_PP,Final_electricity,0.0
286,2022,23,reg1,NG_CC_PP,Final_electricity,0.0
287,2022,24,reg1,NG_CC_PP,Final_electricity,0.0
288,2020,1,reg1,Elec_transmission_distribution,Final_electricity,70.0
289,2020,2,reg1,Elec_transmission_distribution,Final_electricity,70.0
290,2020,3,reg1,Elec_transmission_distribution,Final_electricity,70.0
291,2020,4,reg1,Elec_transmission_distribution,Final_electricity,70.0
292,2020,5,reg1,Elec_transmission_distribution,Final_electricity,70.0
293,2020,6,reg1,Elec_transmission_distribution,Final_electricity,70.0
294,2020,7,reg1,Elec_transmission_distribution,Final_electricity,70.0
295,2020,8,reg1,Elec_transmission_distribution,Final_electricity,70.0
296,2020,9,reg1,Elec_transmission_distribution,Final_electricity,70.0
297,2020,10,reg1,Elec_transmission_distribution,Final_electricity,70.0
298,2020,11,reg1,Elec_transmission_distribution,Final_electricity,70.0
299,2020,12,reg1,Elec_transmission_distribution,Final_electricity,70.0
300,2020,13,reg1,Elec_transmission_distribution,Final_electricity,70.0
301,2020,14,reg1,Elec_transmission_distribution,Final_electricity,70.0
302,2020,15,reg1,Elec_transmission_distribution,Final_electricity,70.0
303,2020,16,reg1,Elec_transmission_distribution,Final_electricity,70.0
304,2020,17,reg1,Elec_transmission_distribution,Final_electricity,70.0
305,2020,18,reg1,Elec_transmission_distribution,Final_electricity,70.0
306,2020,19,reg1,Elec_transmission_distribution,Final_electricity,70.0
307,2020,20,reg1,Elec_transmission_distribution,Final_electricity,70.0
308,2020,21,reg1,Elec_transmission_distribution,Final_electricity,70.0
309,2020,22,reg1,Elec_transmission_distribution,Final_electricity,70.0
310,2020,23,reg1,Elec_transmission_distribution,Final_electricity,70.0
311,2020,24,reg1,Elec_transmission_distribution,Final_electricity,70.0
312,2021,1,reg1,Elec_transmission_distribution,Final_electricity,120.0
313,2021,2,reg1,Elec_transmission_distribution,Final_electricity,120.0
314,2021,3,reg1,Elec_transmission_distribution,Final_electricity,120.0
315,2021,4,reg1,Elec_transmission_distribution,Final_electricity,120.0
316,2021,5,reg1,Elec_transmission_distribution,Final_electricity,120.0
317,2021,6,reg1,Elec_transmission_distribution,Final_electricity,120.0
318,2021,7,reg1,Elec_transmission_distribution,Final_electricity,120.0
319,2021,8,reg1,Elec_transmission_distribution,Final_electricity,120.0
320,2021,9,reg1,Elec_transmission_distribution,Final_electricity,120.0
321,2021,10,reg1,Elec_transmission_distribution,Final_electricity,120.0
322,2021,11,reg1,Elec_transmission_distribution,Final_electricity,120.0
323,2021,12,reg1,Elec_transmission_distribution,Final_electricity,120.0
324,2021,13,reg1,Elec_transmission_distribution,Final_electricity,120.0
325,2021,14,reg1,Elec_transmission_distribution,Final_electricity,120.0
326,2021,15,reg1,Elec_transmission_distribution,Final_electricity,120.0
327,2021,16,reg1,Elec_transmission_distribution,Final_electricity,120.0
328,2021,17,reg1,Elec_transmission_distribution,Final_electricity,120.0
329,2021,18,reg1,Elec_transmission_distribution,Final_electricity,120.0
330,2021,19,reg1,Elec_transmission_distribution,Final_electricity,120.0
331,2021,20,reg1,Elec_transmission_distribution,Final_electricity,120.0
332,2021,21,reg1,Elec_transmission_distribution,Final_electricity,120.0
333,2021,22,reg1,Elec_transmission_distribution,Final_electricity,120.0
334,2021,23,reg1,Elec_transmission_distribution,Final_electricity,120.0
335,2021,24,reg1,Elec_transmission_distribution,Final_electricity,120.0
336,2022,1,reg1,Elec_transmission_distribution,Final_electricity,120.0
337,2022,2,reg1,Elec_transmission_distribution,Final_electricity,120.0
338,2022,3,reg1,Elec_transmission_distribution,Final_electricity,120.0
339,2022,4,reg1,Elec_transmission_distribution,Final_electricity,120.0
340,2022,5,reg1,Elec_transmission_distribution,Final_electricity,120.0
341,2022,6,reg1,Elec_transmission_distribution,Final_electricity,120.0
342,2022,7,reg1,Elec_transmission_distribution,Final_electricity,120.0
343,2022,8,reg1,Elec_transmission_distribution,Final_electricity,120.0
344,2022,9,reg1,Elec_transmission_distribution,Final_electricity,120.0
345,2022,10,reg1,Elec_transmission_distribution,Final_electricity,120.0
346,2022,11,reg1,Elec_transmission_distribution,Final_electricity,120.0
347,2022,12,reg1,Elec_transmission_distribution,Final_electricity,120.0
348,2022,13,reg1,Elec_transmission_distribution,Final_electricity,120.0
349,2022,14,reg1,Elec_transmission_distribution,Final_electricity,120.0
350,2022,15,reg1,Elec_transmission_distribution,Final_electricity,120.0
351,2022,16,reg1,Elec_transmission_distribution,Final_electricity,120.0
352,2022,17,reg1,Elec_transmission_distribution,Final_electricity,120.0
353,2022,18,reg1,Elec_transmission_distribution,Final_electricity,120.0
354,2022,19,reg1,Elec_transmission_distribution,Final_electricity,120.0
355,2022,20,reg1,Elec_transmission_distribution,Final_electricity,120.0
356,2022,21,reg1,Elec_transmission_distribution,Final_electricity,120.0
357,2022,22,reg1,Elec_transmission_distribution,Final_electricity,120.0
358,2022,23,reg1,Elec_transmission_distribution,Final_electricity,120.0
359,2022,24,reg1,Elec_transmission_distribution,Final_electricity,120.0
360,2020,1,reg2,Natural_gas_supply,NG,0.0
361,2020,2,reg2,Natural_gas_supply,NG,0.0
362,2020,3,reg2,Natural_gas_supply,NG,0.0
363,2020,4,reg2,Natural_gas_supply,NG,0.0
364,2020,5,reg2,Natural_gas_supply,NG,0.0
365,2020,6,reg2,Natural_gas_supply,NG,0.0
366,2020,7,reg2,Natural_gas_supply,NG,0.0
367,2020,8,reg2,Natural_gas_supply,NG,0.0
368,2020,9,reg2,Natural_gas_supply,NG,0.0
369,2020,10,reg2,Natural_gas_supply,NG,0.0
370,2020,11,reg2,Natural_gas_supply,NG,0.0
371,2020,12,reg2,Natural_gas_supply,NG,0.0
372,2020,13,reg2,Natural_gas_supply,NG,0.0
373,2020,14,reg2,Natural_gas_supply,NG,0.0
374,2020,15,reg2,Natural_gas_supply,NG,0.0
375,2020,16,reg2,Natural_gas_supply,NG,0.0
376,2020,17,reg2,Natural_gas_supply,NG,0.0
377,2020,18,reg2,Natural_gas_supply,NG,0.0
378,2020,19,reg2,Natural_gas_supply,NG,0.0
379,2020,20,reg2,Natural_gas_supply,NG,0.0
380,2020,21,reg2,Natural_gas_supply,NG,0.0
381,2020,22,reg2,Natural_gas_supply,NG,0.0
382,2020,23,reg2,Natural_gas_supply,NG,0.0
383,2020,24,reg2,Natural_gas_supply,NG,0.0
384,2021,1,reg2,Natural_gas_supply,NG,0.0
385,2021,2,reg2,Natural_gas_supply,NG,0.0
386,2021,3,reg2,Natural_gas_supply,NG,0.0
387,2021,4,reg2,Natural_gas_supply,NG,0.0
388,2021,5,reg2,Natural_gas_supply,NG,0.0
389,2021,6,reg2,Natural_gas_supply,NG,0.0
390,2021,7,reg2,Natural_gas_supply,NG,0.0
391,2021,8,reg2,Natural_gas_supply,NG,0.0
392,2021,9,reg2,Natural_gas_supply,NG,0.0
393,2021,10,reg2,Natural_gas_supply,NG,0.0
394,2021,11,reg2,Natural_gas_supply,NG,0.0
395,2021,12,reg2,Natural_gas_supply,NG,0.0
396,2021,13,reg2,Natural_gas_supply,NG,0.0
397,2021,14,reg2,Natural_gas_supply,NG,0.0
398,2021,15,reg2,Natural_gas_supply,NG,0.0
399,2021,16,reg2,Natural_gas_supply,NG,0.0
400,2021,17,reg2,Natural_gas_supply,NG,0.0
401,2021,18,reg2,Natural_gas_supply,NG,0.0
402,2021,19,reg2,Natural_gas_supply,NG,0.0
403,2021,20,reg2,Natural_gas_supply,NG,0.0
404,2021,21,reg2,Natural_gas_supply,NG,0.0
405,2021,22,reg2,Natural_gas_supply,NG,0.0
406,2021,23,reg2,Natural_gas_supply,NG,0.0
407,2021,24,reg2,Natural_gas_supply,NG,0.0
408,2022,1,reg2,Natural_gas_supply,NG,0.0
409,2022,2,reg2,Natural_gas_supply,NG,0.0
410,2022,3,reg2,Natural_gas_supply,NG,0.0
411,2022,4,reg2,Natural_gas_supply,NG,0.0
412,2022,5,reg2,Natural_gas_supply,NG,0.0
413,2022,6,reg2,Natural_gas_supply,NG,0.0
414,2022,7,reg2,Natural_gas_supply,NG,0.0
415,2022,8,reg2,Natural_gas_supply,NG,0.0
416,2022,9,reg2,Natural_gas_supply,NG,0.0
417,2022,10,reg2,Natural_gas_supply,NG,0.0
418,2022,11,reg2,Natural_gas_supply,NG,0.0
419,2022,12,reg2,Natural_gas_supply,NG,0.0
420,2022,13,reg2,Natural_gas_supply,NG,0.0
421,2022,14,reg2,Natural_gas_supply,NG,0.0
422,2022,15,reg2,Natural_gas_supply,NG,0.0
423,2022,16,reg2,Natural_gas_supply,NG,0.0
424,2022,17,reg2,Natural_gas_supply,NG,0.0
425,2022,18,reg2,Natural_gas_supply,NG,0.0
426,2022,19,reg2,Natural_gas_supply,NG,0.0
427,2022,20,reg2,Natural_gas_supply,NG,0.0
428,2022,21,reg2,Natural_gas_supply,NG,0.0
429,2022,22,reg2,Natural_gas_supply,NG,0.0
430,2022,23,reg2,Natural_gas_supply,NG,0.0
431,2022,24,reg2,Natural_gas_supply,NG,0.0
432,2020,1,reg2,Oil_supply,Oil,0.0
433,2020,2,reg2,Oil_supply,Oil,0.0
434,2020,3,reg2,Oil_supply,Oil,0.0
435,2020,4,reg2,Oil_supply,Oil,0.0
436,2020,5,reg2,Oil_supply,Oil,0.0
437,2020,6,reg2,Oil_supply,Oil,0.0
438,2020,7,reg2,Oil_supply,Oil,0.0
439,2020,8,reg2,Oil_supply,Oil,0.0
440,2020,9,reg2,Oil_supply,Oil,0.0
441,2020,10,reg2,Oil_supply,Oil,0.0
442,2020,11,reg2,Oil_supply,Oil,0.0
443,2020,12,reg2,Oil_supply,Oil,0.0
444,2020,13,reg2,Oil_supply,Oil,0.0
445,2020,14,reg2,Oil_supply,Oil,0.0
446,2020,15,reg2,Oil_supply,Oil,0.0
447,2020,16,reg2,Oil_supply,Oil,0.0
448,2020,17,reg2,Oil_supply,Oil,0.0
449,2020,18,reg2,Oil_supply,Oil,0.0
450,2020,19,reg2,Oil_supply,Oil,0.0
451,2020,20,reg2,Oil_supply,Oil,0.0
452,2020,21,reg2,Oil_supply,Oil,0.0
453,2020,22,reg2,Oil_supply,Oil,0.0
454,2020,23,reg2,Oil_supply,Oil,0.0
455,2020,24,reg2,Oil_supply,Oil,0.0
456,2021,1,reg2,Oil_supply,Oil,0.0
457,2021,2,reg2,Oil_supply,Oil,0.0
458,2021,3,reg2,Oil_supply,Oil,0.0
459,2021,4,reg2,Oil_supply,Oil,0.0
460,2021,5,reg2,Oil_supply,Oil,0.0
461,2021,6,reg2,Oil_supply,Oil,0.0
462,2021,7,reg2,Oil_supply,Oil,0.0
463,2021,8,reg2,Oil_supply,Oil,0.0
464,2021,9,reg2,Oil_supply,Oil,0.0
465,2021,10,reg2,Oil_supply,Oil,0.0
466,2021,11,reg2,Oil_supply,Oil,0.0
467,2021,12,reg2,Oil_supply,Oil,0.0
468,2021,13,reg2,Oil_supply,Oil,0.0
469,2021,14,reg2,Oil_supply,Oil,0.0
470,2021,15,reg2,Oil_supply,Oil,0.0
471,2021,16,reg2,Oil_supply,Oil,0.0
472,2021,17,reg2,Oil_supply,Oil,0.0
473,2021,18,reg2,Oil_supply,Oil,0.0
474,2021,19,reg2,Oil_supply,Oil,0.0
475,2021,20,reg2,Oil_supply,Oil,0.0
476,2021,21,reg2,Oil_supply,Oil,0.0
477,2021,22,reg2,Oil_supply,Oil,0.0
478,2021,23,reg2,Oil_supply,Oil,0.0
479,2021,24,reg2,Oil_supply,Oil,0.0
480,2022,1,reg2,Oil_supply,Oil,0.0
481,2022,2,reg2,Oil_supply,Oil,0.0
482,2022,3,reg2,Oil_supply,Oil,0.0
483,2022,4,reg2,Oil_supply,Oil,0.0
484,2022,5,reg2,Oil_supply,Oil,0.0
485,2022,6,reg2,Oil_supply,Oil,0.0
486,2022,7,reg2,Oil_supply,Oil,0.0
487,2022,8,reg2,Oil_supply,Oil,0.0
488,2022,9,reg2,Oil_supply,Oil,0.0
489,2022,10,reg2,Oil_supply,Oil,0.0
490,2022,11,reg2,Oil_supply,Oil,0.0
491,2022,12,reg2,Oil_supply,Oil,0.0
492,2022,13,reg2,Oil_supply,Oil,0.0
493,2022,14,reg2,Oil_supply,Oil,0.0
494,2022,15,reg2,Oil_supply,Oil,0.0
495,2022,16,reg2,Oil_supply,Oil,0.0
496,2022,17,reg2,Oil_supply,Oil,0.0
497,2022,18,reg2,Oil_supply,Oil,0.0
498,2022,19,reg2,Oil_supply,Oil,0.0
499,2022,20,reg2,Oil_supply,Oil,0.0
500,2022,21,reg2,Oil_supply,Oil,0.0
501,2022,22,reg2,Oil_supply,Oil,0.0
502,2022,23,reg2,Oil_supply,Oil,0.0
503,2022,24,reg2,Oil_supply,Oil,0.0
504,2020,1,reg2,Wind_PP,Electricity,0.0
505,2020,2,reg2,Wind_PP,Electricity,0.0
506,2020,3,reg2,Wind_PP,Electricity,0.0
507,2020,4,reg2,Wind_PP,Electricity,0.0
508,2020,5,reg2,Wind_PP,Electricity,0.0
509,2020,6,reg2,Wind_PP,Electricity,0.0
510,2020,7,reg2,Wind_PP,Electricity,0.0
511,2020,8,reg2,Wind_PP,Electricity,0.0
512,2020,9,reg2,Wind_PP,Electricity,0.0
513,2020,10,reg2,Wind_PP,Electricity,0.0
514,2020,11,reg2,Wind_PP,Electricity,0.0
515,2020,12,reg2,Wind_PP,Electricity,0.0
516,2020,13,reg2,Wind_PP,Electricity,0.0
517,2020,14,reg2,Wind_PP,Electricity,0.0
518,2020,15,reg2,Wind_PP,Electricity,0.0
519,2020,16,reg2,Wind_PP,Electricity,0.0
520,2020,17,reg2,Wind_PP,Electricity,0.0
521,2020,18,reg2,Wind_PP,Electricity,0.0
522,2020,19,reg2,Wind_PP,Electricity,0.0
523,2020,20,reg2,Wind_PP,Electricity,0.0
524,2020,21,reg2,Wind_PP,Electricity,0.0
525,2020,22,reg2,Wind_PP,Electricity,0.0
526,2020,23,reg2,Wind_PP,Electricity,0.0
527,2020,24,reg2,Wind_PP,Electricity,0.0
528,2021,1,reg2,Wind_PP,Electricity,0.0
529,2021,2,reg2,Wind_PP,Electricity,120.0
530,2021,3,reg2,Wind_PP,Electricity,0.0
531,2021,4,reg2,Wind_PP,Electricity,120.0
532,2021,5,reg2,Wind_PP,Electricity,120.0
533,2021,6,reg2,Wind_PP,Electricity,120.0
534,2021,7,reg2,Wind_PP,Electricity,0.0
535,2021,8,reg2,Wind_PP,Electricity,120.0
536,2021,9,reg2,Wind_PP,Electricity,120.0
537,2021,10,reg2,Wind_PP,Electricity,120.0
538,2021,11,reg2,Wind_PP,Electricity,120.0
539,2021,12,reg2,Wind_PP,Electricity,0.0
540,2021,13,reg2,Wind_PP,Electricity,120.0
541,2021,14,reg2,Wind_PP,Electricity,0.0
542,2021,15,reg2,Wind_PP,Electricity,120.0
543,2021,16,reg2,Wind_PP,Electricity,0.0
544,2021,17,reg2,Wind_PP,Electricity,120.0
545,2021,18,reg2,Wind_PP,Electricity,120.0
546,2021,19,reg2,Wind_PP,Electricity,120.0
547,2021,20,reg2,Wind_PP,Electricity,120.0
548,2021,21,reg2,Wind_PP,Electricity,0.0
549,2021,22,reg2,Wind_PP,Electricity,0.0
550,2021,23,reg2,Wind_PP,Electricity,0.0
551,2021,24,reg2,Wind_PP,Electricity,0.0
552,2022,1,reg2,Wind_PP,Electricity,0.0
553,2022,2,reg2,Wind_PP,Electricity,120.0
554,2022,3,reg2,Wind_PP,Electricity,0.0
555,2022,4,reg2,Wind_PP,Electricity,0.0
556,2022,5,reg2,Wind_PP,Electricity,0.0
557,2022,6,reg2,Wind_PP,Electricity,120.0
558,2022,7,reg2,Wind_PP,Electricity,0.0
559,2022,8,reg2,Wind_PP,Electricity,120.0
560,2022,9,reg2,Wind_PP,Electricity,0.0
561,2022,10,reg2,Wind_PP,Electricity,0.0
562,2022,11,reg2,Wind_PP,Electricity,0.0
563,2022,12,reg2,Wind_PP,Electricity,0.0
564,2022,13,reg2,Wind_PP,Electricity,0.0
565,2022,14,reg2,Wind_PP,Electricity,120.0
566,2022,15,reg2,Wind_PP,Electricity,0.0
567,2022,16,reg2,Wind_PP,Electricity,0.0
568,2022,17,reg2,Wind_PP,Electricity,0.0
569,2022,18,reg2,Wind_PP,Electricity,0.0
570,2022,19,reg2,Wind_PP,Electricity,0.0
571,2022,20,reg2,Wind_PP,Electricity,120.0
572,2022,21,reg2,Wind_PP,Electricity,120.0
573,2022,22,reg2,Wind_PP,Electricity,0.0
574,2022,23,reg2,Wind_PP,Electricity,120.0
575,2022,24,reg2,Wind_PP,Electricity,0.0
576,2020,1,reg2,L_Hydro_PP,Electricity,0.0
577,2020,2,reg2,L_Hydro_PP,Electricity,0.0
578,2020,3,reg2,L_Hydro_PP,Electricity,0.0
579,2020,4,reg2,L_Hydro_PP,Electricity,0.0
580,2020,5,reg2,L_Hydro_PP,Electricity,0.0
581,2020,6,reg2,L_Hydro_PP,Electricity,0.0
582,2020,7,reg2,L_Hydro_PP,Electricity,0.0
583,2020,8,reg2,L_Hydro_PP,Electricity,0.0
584,2020,9,reg2,L_Hydro_PP,Electricity,0.0
585,2020,10,reg2,L_Hydro_PP,Electricity,0.0
586,2020,11,reg2,L_Hydro_PP,Electricity,0.0
587,2020,12,reg2,L_Hydro_PP,Electricity,0.0
588,2020,13,reg2,L_Hydro_PP,Electricity,0.0
589,2020,14,reg2,L_Hydro_PP,Electricity,0.0
590,2020,15,reg2,L_Hydro_PP,Electricity,0.0
591,2020,16,reg2,L_Hydro_PP,Electricity,0.0
592,2020,17,reg2,L_Hydro_PP,Electricity,0.0
593,2020,18,reg2,L_Hydro_PP,Electricity,0.0
594,2020,19,reg2,L_Hydro_PP,Electricity,0.0
595,2020,20,reg2,L_Hydro_PP,Electricity,0.0
596,2020,21,reg2,L_Hydro_PP,Electricity,0.0
597,2020,22,reg2,L_Hydro_PP,Electricity,0.0
598,2020,23,reg2,L_Hydro_PP,Electricity,0.0
599,2020,24,reg2,L_Hydro_PP,Electricity,0.0
600,2021,1,reg2,L_Hydro_PP,Electricity,0.0
601,2021,2,reg2,L_Hydro_PP,Electricity,0.0
602,2021,3,reg2,L_Hydro_PP,Electricity,0.0
603,2021,4,reg2,L_Hydro_PP,Electricity,0.0
604,2021,5,reg2,L_Hydro_PP,Electricity,0.0
605,2021,6,reg2,L_Hydro_PP,Electricity,0.0
606,2021,7,reg2,L_Hydro_PP,Electricity,0.0
607,2021,8,reg2,L_Hydro_PP,Electricity,0.0
608,2021,9,reg2,L_Hydro_PP,Electricity,0.0
609,2021,10,reg2,L_Hydro_PP,Electricity,0.0
610,2021,11,reg2,L_Hydro_PP,Electricity,0.0
611,2021,12,reg2,L_Hydro_PP,Electricity,120.0
612,2021,13,reg2,L_Hydro_PP,Electricity,0.0
613,2021,14,reg2,L_Hydro_PP,Electricity,0.0
614,2021,15,reg2,L_Hydro_PP,Electricity,0.0
615,2021,16,reg2,L_Hydro_PP,Electricity,0.0
616,2021,17,reg2,L_Hydro_PP,Electricity,0.0
617,2021,18,reg2,L_Hydro_PP,Electricity,0.0
618,2021,19,reg2,L_Hydro_PP,Electricity,0.0
619,2021,20,reg2,L_Hydro_PP,Electricity,0.0
620,2021,21,reg2,L_Hydro_PP,Electricity,0.0
621,2021,22,reg2,L_Hydro_PP,Electricity,0.0
622,2021,23,reg2,L_Hydro_PP,Electricity,0.0
623,2021,24,reg2,L_Hydro_PP,Electricity,0.0
624,2022,1,reg2,L_Hydro_PP,Electricity,0.0
625,2022,2,reg2,L_Hydro_PP,Electricity,0.0
626,2022,3,reg2,L_Hydro_PP,Electricity,0.0
627,2022,4,reg2,L_Hydro_PP,Electricity,0.0
628,2022,5,reg2,L_Hydro_PP,Electricity,0.0
629,2022,6,reg2,L_Hydro_PP,Electricity,0.0
630,2022,7,reg2,L_Hydro_PP,Electricity,0.0
631,2022,8,reg2,L_Hydro_PP,Electricity,0.0
632,2022,9,reg2,L_Hydro_PP,Electricity,0.0
633,2022,10,reg2,L_Hydro_PP,Electricity,0.0
634,2022,11,reg2,L_Hydro_PP,Electricity,0.0
635,2022,12,reg2,L_Hydro_PP,Electricity,0.0
636,2022,13,reg2,L_Hydro_PP,Electricity,0.0
637,2022,14,reg2,L_Hydro_PP,Electricity,0.0
638,2022,15,reg2,L_Hydro_PP,Electricity,0.0
639,2022,16,reg2,L_Hydro_PP,Electricity,0.0
640,2022,17,reg2,L_Hydro_PP,Electricity,0.0
641,2022,18,reg2,L_Hydro_PP,Electricity,0.0
642,2022,19,reg2,L_Hydro_PP,Electricity,0.0
643,2022,20,reg2,L_Hydro_PP,Electricity,0.0
644,2022,21,reg2,L_Hydro_PP,Electricity,0.0
645,2022,22,reg2,L_Hydro_PP,Electricity,0.0
646,2022,23,reg2,L_Hydro_PP,Electricity,0.0
647,2022,24,reg2,L_Hydro_PP,Electricity,0.0
648,2020,1,reg2,HFO_PP,Electricity,0.0
649,2020,2,reg2,HFO_PP,Electricity,0.0
650,2020,3,reg2,HFO_PP,Electricity,0.0
651,2020,4,reg2,HFO_PP,Electricity,0.0
652,2020,5,reg2,HFO_PP,Electricity,0.0
653,2020,6,reg2,HFO_PP,Electricity,0.0
654,2020,7,reg2,HFO_PP,Electricity,0.0
655,2020,8,reg2,HFO_PP,Electricity,0.0
656,2020,9,reg2,HFO_PP,Electricity,0.0
657,2020,10,reg2,HFO_PP,Electricity,0.0
658,2020,11,reg2,HFO_PP,Electricity,0.0
659,2020,12,reg2,HFO_PP,Electricity,0.0
660,2020,13,reg2,HFO_PP,Electricity,0.0
661,2020,14,reg2,HFO_PP,Electricity,0.0
662,2020,15,reg2,HFO_PP,Electricity,0.0
663,2020,16,reg2,HFO_PP,Electricity,0.0
664,2020,17,reg2,HFO_PP,Electricity,0.0
665,2020,18,reg2,HFO_PP,Electricity,0.0
666,2020,19,reg2,HFO_PP,Electricity,0.0
667,2020,20,reg2,HFO_PP,Electricity,0.0
668,2020,21,reg2,HFO_PP,Electricity,0.0
669,2020,22,reg2,HFO_PP,Electricity,0.0
670,2020,23,reg2,HFO_PP,Electricity,0.0
671,2020,24,reg2,HFO_PP,Electricity,0.0
672,2021,1,reg2,HFO_PP,Electricity,0.0
673,2021,2,reg2,HFO_PP,Electricity,0.0
674,2021,3,reg2,HFO_PP,Electricity,0.0
675,2021,4,reg2,HFO_PP,Electricity,0.0
676,2021,5,reg2,HFO_PP,Electricity,0.0
677,2021,6,reg2,HFO_PP,Electricity,0.0
678,2021,7,reg2,HFO_PP,Electricity,0.0
679,2021,8,reg2,HFO_PP,Electricity,0.0
680,2021,9,reg2,HFO_PP,Electricity,0.0
681,2021,10,reg2,HFO_PP,Electricity,0.0
682,2021,11,reg2,HFO_PP,Electricity,0.0
683,2021,12,reg2,HFO_PP,Electricity,0.0
684,2021,13,reg2,HFO_PP,Electricity,0.0
685,2021,14,reg2,HFO_PP,Electricity,0.0
686,2021,15,reg2,HFO_PP,Electricity,0.0
687,2021,16,reg2,HFO_PP,Electricity,0.0
688,2021,17,reg2,HFO_PP,Electricity,0.0
689,2021,18,reg2,HFO_PP,Electricity,0.0
690,2021,19,reg2,HFO_PP,Electricity,0.0
691,2021,20,reg2,HFO_PP,Electricity,0.0
692,2021,21,reg2,HFO_PP,Electricity,0.0
693,2021,22,reg2,HFO_PP,Electricity,0.0
694,2021,23,reg2,HFO_PP,Electricity,0.0
695,2021,24,reg2,HFO_PP,Electricity,0.0
696,2022,1,reg2,HFO_PP,Electricity,0.0
697,2022,2,reg2,HFO_PP,Electricity,0.0
698,2022,3,reg2,HFO_PP,Electricity,0.0
699,2022,4,reg2,HFO_PP,Electricity,0.0
700,2022,5,reg2,HFO_PP,Electricity,0.0
701,2022,6,reg2,HFO_PP,Electricity,0.0
702,2022,7,reg2,HFO_PP,Electricity,0.0
703,2022,8,reg2,HFO_PP,Electricity,0.0
704,2022,9,reg2,HFO_PP,Electricity,0.0
705,2022,10,reg2,HFO_PP,Electricity,0.0
706,2022,11,reg2,HFO_PP,Electricity,0.0
707,2022,12,reg2,HFO_PP,Electricity,0.0
708,2022,13,reg2,HFO_PP,Electricity,0.0
709,2022,14,reg2,HFO_PP,Electricity,0.0
710,2022,15,reg2,HFO_PP,Electricity,0.0
711,2022,16,reg2,HFO_PP,Electricity,0.0
712,2022,17,reg2,HFO_PP,Electricity,0.0
713,2022,18,reg2,HFO_PP,Electricity,0.0
714,2022,19,reg2,HFO_PP,Electricity,0.0
715,2022,20,reg2,HFO_PP,Electricity,0.0
716,2022,21,reg2,HFO_PP,Electricity,0.0
717,2022,22,reg2,HFO_PP,Electricity,0.0
718,2022,23,reg2,HFO_PP,Electricity,0.0
719,2022,24,reg2,HFO_PP,Electricity,0.0
720,2020,1,reg2,OCGT_PP,Electricity,0.0
721,2020,2,reg2,OCGT_PP,Electricity,0.0
722,2020,3,reg2,OCGT_PP,Electricity,0.0
723,2020,4,reg2,OCGT_PP,Electricity,0.0
724,2020,5,reg2,OCGT_PP,Electricity,0.0
725,2020,6,reg2,OCGT_PP,Electricity,0.0
726,2020,7,reg2,OCGT_PP,Electricity,0.0
727,2020,8,reg2,OCGT_PP,Electricity,0.0
728,2020,9,reg2,OCGT_PP,Electricity,0.0
729,2020,10,reg2,OCGT_PP,Electricity,0.0
730,2020,11,reg2,OCGT_PP,Electricity,0.0
731,2020,12,reg2,OCGT_PP,Electricity,0.0
732,2020,13,reg2,OCGT_PP,Electricity,0.0
733,2020,14,reg2,OCGT_PP,Electricity,0.0
734,2020,15,reg2,OCGT_PP,Electricity,0.0
735,2020,16,reg2,OCGT_PP,Electricity,0.0
736,2020,17,reg2,OCGT_PP,Electricity,0.0
737,2020,18,reg2,OCGT_PP,Electricity,0.0
738,2020,19,reg2,OCGT_PP,Electricity,0.0
739,2020,20,reg2,OCGT_PP,Electricity,0.0
740,2020,21,reg2,OCGT_PP,Electricity,0.0
741,2020,22,reg2,OCGT_PP,Electricity,0.0
742,2020,23,reg2,OCGT_PP,Electricity,0.0
743,2020,24,reg2,OCGT_PP,Electricity,0.0
744,2021,1,reg2,OCGT_PP,Electricity,0.0
745,2021,2,reg2,OCGT_PP,Electricity,0.0
746,2021,3,reg2,OCGT_PP,Electricity,0.0
747,2021,4,reg2,OCGT_PP,Electricity,0.0
748,2021,5,reg2,OCGT_PP,Electricity,0.0
749,2021,6,reg2,OCGT_PP,Electricity,0.0
750,2021,7,reg2,OCGT_PP,Electricity,0.0
751,2021,8,reg2,OCGT_PP,Electricity,0.0
752,2021,9,reg2,OCGT_PP,Electricity,0.0
753,2021,10,reg2,OCGT_PP,Electricity,0.0
754,2021,11,reg2,OCGT_PP,Electricity,0.0
755,2021,12,reg2,OCGT_PP,Electricity,0.0
756,2021,13,reg2,OCGT_PP,Electricity,0.0
757,2021,14,reg2,OCGT_PP,Electricity,0.0
758,2021,15,reg2,OCGT_PP,Electricity,0.0
759,2021,16,reg2,OCGT_PP,Electricity,0.0
760,2021,17,reg2,OCGT_PP,Electricity,0.0
761,2021,18,reg2,OCGT_PP,Electricity,0.0
762,2021,19,reg2,OCGT_PP,Electricity,0.0
763,2021,20,reg2,OCGT_PP,Electricity,0.0
764,2021,21,reg2,OCGT_PP,Electricity,0.0
765,2021,22,reg2,OCGT_PP,Electricity,0.0
766,2021,23,reg2,OCGT_PP,Electricity,0.0
767,2021,24,reg2,OCGT_PP,Electricity,0.0
768,2022,1,reg2,OCGT_PP,Electricity,0.0
769,2022,2,reg2,OCGT_PP,Electricity,0.0
770,2022,3,reg2,OCGT_PP,Electricity,0.0
771,2022,4,reg2,OCGT_PP,Electricity,0.0
772,2022,5,reg2,OCGT_PP,Electricity,0.0
773,2022,6,reg2,OCGT_PP,Electricity,0.0
774,2022,7,reg2,OCGT_PP,Electricity,0.0
775,2022,8,reg2,OCGT_PP,Electricity,0.0
776,2022,9,reg2,OCGT_PP,Electricity,0.0
777,2022,10,reg2,OCGT_PP,Electricity,0.0
778,2022,11,reg2,OCGT_PP,Electricity,0.0
779,2022,12,reg2,OCGT_PP,Electricity,0.0
780,2022,13,reg2,OCGT_PP,Electricity,0.0
781,2022,14,reg2,OCGT_PP,Electricity,0.0
782,2022,15,reg2,OCGT_PP,Electricity,0.0
783,2022,16,reg2,OCGT_PP,Electricity,0.0
784,2022,17,reg2,OCGT_PP,Electricity,0.0
785,2022,18,reg2,OCGT_PP,Electricity,0.0
786,2022,19,reg2,OCGT_PP,Electricity,0.0
787,2022,20,reg2,OCGT_PP,Electricity,0.0
788,2022,21,reg2,OCGT_PP,Electricity,0.0
789,2022,22,reg2,OCGT_PP,Electricity,0.0
790,2022,23,reg2,OCGT_PP,Electricity,0.0
791,2022,24,reg2,OCGT_PP,Electricity,0.0
792,2020,1,reg2,CCGT_PP,Electricity,0.0
793,2020,2,reg2,CCGT_PP,Electricity,0.0
794,2020,3,reg2,CCGT_PP,Electricity,0.0
795,2020,4,reg2,CCGT_PP,Electricity,0.0
796,2020,5,reg2,CCGT_PP,Electricity,0.0
797,2020,6,reg2,CCGT_PP,Electricity,0.0
798,2020,7,reg2,CCGT_PP,Electricity,0.0
799,2020,8,reg2,CCGT_PP,Electricity,0.0
800,2020,9,reg2,CCGT_PP,Electricity,0.0
801,2020,10,reg2,CCGT_PP,Electricity,0.0
802,2020,11,reg2,CCGT_PP,Electricity,0.0
803,2020,12,reg2,CCGT_PP,Electricity,0.0
804,2020,13,reg2,CCGT_PP,Electricity,0.0
805,2020,14,reg2,CCGT_PP,Electricity,0.0
806,2020,15,reg2,CCGT_PP,Electricity,0.0
807,2020,16,reg2,CCGT_PP,Electricity,0.0
808,2020,17,reg2,CCGT_PP,Electricity,0.0
809,2020,18,reg2,CCGT_PP,Electricity,0.0
810,2020,19,reg2,CCGT_PP,Electricity,0.0
811,2020,20,reg2,CCGT_PP,Electricity,0.0
812,2020,21,reg2,CCGT_PP,Electricity,0.0
813,2020,22,reg2,CCGT_PP,Electricity,0.0
814,2020,23,reg2,CCGT_PP,Electricity,0.0
815,2020,24,reg2,CCGT_PP,Electricity,0.0
816,2021,1,reg2,CCGT_PP,Electricity,0.0
817,2021,2,reg2,CCGT_PP,Electricity,0.0
818,2021,3,reg2,CCGT_PP,Electricity,0.0
819,2021,4,reg2,CCGT_PP,Electricity,0.0
820,2021,5,reg2,CCGT_PP,Electricity,0.0
821,2021,6,reg2,CCGT_PP,Electricity,0.0
822,2021,7,reg2,CCGT_PP,Electricity,0.0
823,2021,8,reg2,CCGT_PP,Electricity,0.0
824,2021,9,reg2,CCGT_PP,Electricity,0.0
825,2021,10,reg2,CCGT_PP,Electricity,0.0
826,2021,11,reg2,CCGT_PP,Electricity,0.0
827,2021,12,reg2,CCGT_PP,Electricity,0.0
828,2021,13,reg2,CCGT_PP,Electricity,0.0
829,2021,14,reg2,CCGT_PP,Electricity,0.0
830,2021,15,reg2,CCGT_PP,Electricity,0.0
831,2021,16,reg2,CCGT_PP,Electricity,0.0
832,2021,17,reg2,CCGT_PP,Electricity,0.0
833,2021,18,reg2,CCGT_PP,Electricity,0.0
834,2021,19,reg2,CCGT_PP,Electricity,0.0
835,2021,20,reg2,CCGT_PP,Electricity,0.0
836,2021,21,reg2,CCGT_PP,Electricity,0.0
837,2021,22,reg2,CCGT_PP,Electricity,0.0
838,2021,23,reg2,CCGT_PP,Electricity,0.0
839,2021,24,reg2,CCGT_PP,Electricity,0.0
840,2022,1,reg2,CCGT_PP,Electricity,0.0
841,2022,2,reg2,CCGT_PP,Electricity,0.0
842,2022,3,reg2,CCGT_PP,Electricity,0.0
843,2022,4,reg2,CCGT_PP,Electricity,0.0
844,2022,5,reg2,CCGT_PP,Electricity,0.0
845,2022,6,reg2,CCGT_PP,Electricity,0.0
846,2022,7,reg2,CCGT_PP,Electricity,0.0
847,2022,8,reg2,CCGT_PP,Electricity,0.0
848,2022,9,reg2,CCGT_PP,Electricity,0.0
849,2022,10,reg2,CCGT_PP,Electricity,0.0
850,2022,11,reg2,CCGT_PP,Electricity,0.0
851,2022,12,reg2,CCGT_PP,Electricity,0.0
852,2022,13,reg2,CCGT_PP,Electricity,0.0
853,2022,14,reg2,CCGT_PP,Electricity,0.0
854,2022,15,reg2,CCGT_PP,Electricity,0.0
855,2022,16,reg2,CCGT_PP,Electricity,0.0
856,2022,17,reg2,CCGT_PP,Electricity,0.0
857,2022,18,reg2,CCGT_PP,Electricity,0.0
858,2022,19,reg2,CCGT_PP,Electricity,0.0
859,2022,20,reg2,CCGT_PP,Electricity,0.0
860,2022,21,reg2,CCGT_PP,Electricity,0.0
861,2022,22,reg2,CCGT_PP,Electricity,0.0
862,2022,23,reg2,CCGT_PP,Electricity,0.0
863,2022,24,reg2,CCGT_PP,Electricity,0.0
864,2020,1,reg2,Elec_transmission_distribution,Final_electricity,0.0
865,2020,2,reg2,Elec_transmission_distribution,Final_electricity,0.0
866,2020,3,reg2,Elec_transmission_distribution,Final_electricity,0.0
867,2020,4,reg2,Elec_transmission_distribution,Final_electricity,0.0
868,2020,5,reg2,Elec_transmission_distribution,Final_electricity,0.0
869,2020,6,reg2,Elec_transmission_distribution,Final_electricity,0.0
870,2020,7,reg2,Elec_transmission_distribution,Final_electricity,0.0
871,2020,8,reg2,Elec_transmission_distribution,Final_electricity,0.0
872,2020,9,reg2,Elec_transmission_distribution,Final_electricity,0.0
873,2020,10,reg2,Elec_transmission_distribution,Final_electricity,0.0
874,2020,11,reg2,Elec_transmission_distribution,Final_electricity,0.0
875,2020,12,reg2,Elec_transmission_distribution,Final_electricity,0.0
876,2020,13,reg2,Elec_transmission_distribution,Final_electricity,0.0
877,2020,14,reg2,Elec_transmission_distribution,Final_electricity,0.0
878,2020,15,reg2,Elec_transmission_distribution,Final_electricity,0.0
879,2020,16,reg2,Elec_transmission_distribution,Final_electricity,0.0
880,2020,17,reg2,Elec_transmission_distribution,Final_electricity,0.0
881,2020,18,reg2,Elec_transmission_distribution,Final_electricity,0.0
882,2020,19,reg2,Elec_transmission_distribution,Final_electricity,0.0
883,2020,20,reg2,Elec_transmission_distribution,Final_electricity,0.0
884,2020,21,reg2,Elec_transmission_distribution,Final_electricity,0.0
885,2020,22,reg2,Elec_transmission_distribution,Final_electricity,0.0
886,2020,23,reg2,Elec_transmission_distribution,Final_electricity,0.0
887,2020,24,reg2,Elec_transmission_distribution,Final_electricity,0.0
888,2021,1,reg2,Elec_transmission_distribution,Final_electricity,0.0
889,2021,2,reg2,Elec_transmission_distribution,Final_electricity,0.0
890,2021,3,reg2,Elec_transmission_distribution,Final_electricity,0.0
891,2021,4,reg2,Elec_transmission_distribution,Final_electricity,0.0
892,2021,5,reg2,Elec_transmission_distribution,Final_electricity,0.0
893,2021,6,reg2,Elec_transmission_distribution,Final_electricity,0.0
894,2021,7,reg2,Elec_transmission_distribution,Final_electricity,0.0
895,2021,8,reg2,Elec_transmission_distribution,Final_electricity,0.0
896,2021,9,reg2,Elec_transmission_distribution,Final_electricity,0.0
897,2021,10,reg2,Elec_transmission_distribution,Final_electricity,0.0
898,2021,11,reg2,Elec_transmission_distribution,Final_electricity,0.0
899,2021,12,reg2,Elec_transmission_distribution,Final_electricity,0.0
900,2021,13,reg2,Elec_transmission_distribution,Final_electricity,0.0
901,2021,14,reg2,Elec_transmission_distribution,Final_electricity,0.0
902,2021,15,reg2,Elec_transmission_distribution,Final_electricity,0.0
903,2021,16,reg2,Elec_transmission_distribution,Final_electricity,0.0
904,2021,17,reg2,Elec_transmission_distribution,Final_electricity,0.0
905,2021,18,reg2,Elec_transmission_distribution,Final_electricity,0.0
906,2021,19,reg2,Elec_transmission_distribution,Final_electricity,0.0
907,2021,20,reg2,Elec_transmission_distribution,Final_electricity,0.0
908,2021,21,reg2,Elec_transmission_distribution,Final_electricity,0.0
909,2021,22,reg2,Elec_transmission_distribution,Final_electricity,0.0
910,2021,23,reg2,Elec_transmission_distribution,Final_electricity,0.0
911,2021,24,reg2,Elec_transmission_distribution,Final_electricity,0.0
912,2022,1,reg2,Elec_transmission_distribution,Final_electricity,0.0
913,2022,2,reg2,Elec_transmission_distribution,Final_electricity,0.0
914,2022,3,reg2,Elec_transmission_distribution,Final_electricity,0.0
915,2022,4,reg2,Elec_transmission_distribution,Final_electricity,0.0
916,2022,5,reg2,Elec_transmission_distribution,Final_electricity,0.0
917,2022,6,reg2,Elec_transmission_distribution,Final_electricity,0.0
918,2022,7,reg2,Elec_transmission_distribution,Final_electricity,0.0
919,2022,8,reg2,Elec_transmission_distribution,Final_electricity,0.0
920,2022,9,reg2,Elec_transmission_distribution,Final_electricity,0.0
921,2022,10,reg2,Elec_transmission_distribution,Final_electricity,0.0
922,2022,11,reg2,Elec_transmission_distribution,Final_electricity,0.0
923,2022,12,reg2,Elec_transmission_distribution,Final_electricity,0.0
924,2022,13,reg2,Elec_transmission_distribution,Final_electricity,0.0
925,2022,14,reg2,Elec_transmission_distribution,Final_electricity,0.0
926,2022,15,reg2,Elec_transmission_distribution,Final_electricity,0.0
927,2022,16,reg2,Elec_transmission_distribution,Final_electricity,0.0
928,2022,17,reg2,Elec_transmission_distribution,Final_electricity,0.0
929,2022,18,reg2,Elec_transmission_distribution,Final_electricity,0.0
930,2022,19,reg2,Elec_transmission_distribution,Final_electricity,0.0
931,2022,20,reg2,Elec_transmission_distribution,Final_electricity,0.0
932,2022,21,reg2,Elec_transmission_distribution,Final_electricity,0.0
933,2022,22,reg2,Elec_transmission_distribution,Final_electricity,0.0
934,2022,23,reg2,Elec_transmission_distribution,Final_electricity,0.0
935,2022,24,reg2,Elec_transmission_distribution,Final_electricity,0.0
936,2020,1,reg3,Oil_supply,Oil,0.0
937,2020,2,reg3,Oil_supply,Oil,0.0
938,2020,3,reg3,Oil_supply,Oil,0.0
939,2020,4,reg3,Oil_supply,Oil,0.0
940,2020,5,reg3,Oil_supply,Oil,0.0
941,2020,6,reg3,Oil_supply,Oil,0.0
942,2020,7,reg3,Oil_supply,Oil,0.0
943,2020,8,reg3,Oil_supply,Oil,0.0
944,2020,9,reg3,Oil_supply,Oil,0.0
945,2020,10,reg3,Oil_supply,Oil,0.0
946,2020,11,reg3,Oil_supply,Oil,0.0
947,2020,12,reg3,Oil_supply,Oil,0.0
948,2020,13,reg3,Oil_supply,Oil,0.0
949,2020,14,reg3,Oil_supply,Oil,0.0
950,2020,15,reg3,Oil_supply,Oil,0.0
951,2020,16,reg3,Oil_supply,Oil,0.0
952,2020,17,reg3,Oil_supply,Oil,0.0
953,2020,18,reg3,Oil_supply,Oil,0.0
954,2020,19,reg3,Oil_supply,Oil,0.0
955,2020,20,reg3,Oil_supply,Oil,0.0
956,2020,21,reg3,Oil_supply,Oil,0.0
957,2020,22,reg3,Oil_supply,Oil,0.0
958,2020,23,reg3,Oil_supply,Oil,0.0
959,2020,24,reg3,Oil_supply,Oil,0.0
960,2021,1,reg3,Oil_supply,Oil,0.0
961,2021,2,reg3,Oil_supply,Oil,0.0
962,2021,3,reg3,Oil_supply,Oil,0.0
963,2021,4,reg3,Oil_supply,Oil,0.0
964,2021,5,reg3,Oil_supply,Oil,0.0
965,2021,6,reg3,Oil_supply,Oil,0.0
966,2021,7,reg3,Oil_supply,Oil,0.0
967,2021,8,reg3,Oil_supply,Oil,0.0
968,2021,9,reg3,Oil_supply,Oil,0.0
969,2021,10,reg3,Oil_supply,Oil,0.0
970,2021,11,reg3,Oil_supply,Oil,0.0
971,2021,12,reg3,Oil_supply,Oil,0.0
972,2021,13,reg3,Oil_supply,Oil,0.0
973,2021,14,reg3,Oil_supply,Oil,0.0
974,2021,15,reg3,Oil_supply,Oil,0.0
975,2021,16,reg3,Oil_supply,Oil,0.0
976,2021,17,reg3,Oil_supply,Oil,0.0
977,2021,18,reg3,Oil_supply,Oil,0.0
978,2021,19,reg3,Oil_supply,Oil,0.0
979,2021,20,reg3,Oil_supply,Oil,0.0
980,2021,21,reg3,Oil_supply,Oil,0.0
981,2021,22,reg3,Oil_supply,Oil,0.0
982,2021,23,reg3,Oil_supply,Oil,0.0
983,2021,24,reg3,Oil_supply,Oil,0.0
984,2022,1,reg3,Oil_supply,Oil,0.0
985,2022,2,reg3,Oil_supply,Oil,0.0
986,2022,3,reg3,Oil_supply,Oil,0.0
987,2022,4,reg3,Oil_supply,Oil,0.0
988,2022,5,reg3,Oil_supply,Oil,0.0
989,2022,6,reg3,Oil_supply,Oil,0.0
990,2022,7,reg3,Oil_supply,Oil,0.0
991,2022,8,reg3,Oil_supply,Oil,0.0
992,2022,9,reg3,Oil_supply,Oil,0.0
993,2022,10,reg3,Oil_supply,Oil,0.0
994,2022,11,reg3,Oil_supply,Oil,0.0
995,2022,12,reg3,Oil_supply,Oil,0.0
996,2022,13,reg3,Oil_supply,Oil,0.0
997,2022,14,reg3,Oil_supply,Oil,0.0
998,2022,15,reg3,Oil_supply,Oil,0.0
999,2022,16,reg3,Oil_supply,Oil,0.0
1000,2022,17,reg3,Oil_supply,Oil,0.0
1001,2022,18,reg3,Oil_supply,Oil,0.0
1002,2022,19,reg3,Oil_supply,Oil,0.0
1003,2022,20,reg3,Oil_supply,Oil,0.0
1004,2022,21,reg3,Oil_supply,Oil,0.0
1005,2022,22,reg3,Oil_supply,Oil,0.0
1006,2022,23,reg3,Oil_supply,Oil,0.0
1007,2022,24,reg3,Oil_supply,Oil,0.0
1008,2020,1,reg3,BW_supply,Biofuels_waste,0.0
1009,2020,2,reg3,BW_supply,Biofuels_waste,0.0
1010,2020,3,reg3,BW_supply,Biofuels_waste,0.0
1011,2020,4,reg3,BW_supply,Biofuels_waste,0.0
1012,2020,5,reg3,BW_supply,Biofuels_waste,0.0
1013,2020,6,reg3,BW_supply,Biofuels_waste,0.0
1014,2020,7,reg3,BW_supply,Biofuels_waste,0.0
1015,2020,8,reg3,BW_supply,Biofuels_waste,0.0
1016,2020,9,reg3,BW_supply,Biofuels_waste,0.0
1017,2020,10,reg3,BW_supply,Biofuels_waste,0.0
1018,2020,11,reg3,BW_supply,Biofuels_waste,0.0
1019,2020,12,reg3,BW_supply,Biofuels_waste,0.0
1020,2020,13,reg3,BW_supply,Biofuels_waste,0.0
1021,2020,14,reg3,BW_supply,Biofuels_waste,0.0
1022,2020,15,reg3,BW_supply,Biofuels_waste,0.0
1023,2020,16,reg3,BW_supply,Biofuels_waste,0.0
1024,2020,17,reg3,BW_supply,Biofuels_waste,0.0
1025,2020,18,reg3,BW_supply,Biofuels_waste,0.0
1026,2020,19,reg3,BW_supply,Biofuels_waste,0.0
1027,2020,20,reg3,BW_supply,Biofuels_waste,0.0
1028,2020,21,reg3,BW_supply,Biofuels_waste,0.0
1029,2020,22,reg3,BW_supply,Biofuels_waste,0.0
1030,2020,23,reg3,BW_supply,Biofuels_waste,0.0
1031,2020,24,reg3,BW_supply,Biofuels_waste,0.0
1032,2021,1,reg3,BW_supply,Biofuels_waste,0.0
1033,2021,2,reg3,BW_supply,Biofuels_waste,0.0
1034,2021,3,reg3,BW_supply,Biofuels_waste,0.0
1035,2021,4,reg3,BW_supply,Biofuels_waste,0.0
1036,2021,5,reg3,BW_supply,Biofuels_waste,0.0
1037,2021,6,reg3,BW_supply,Biofuels_waste,0.0
1038,2021,7,reg3,BW_supply,Biofuels_waste,0.0
1039,2021,8,reg3,BW_supply,Biofuels_waste,0.0
1040,2021,9,reg3,BW_supply,Biofuels_waste,0.0
1041,2021,10,reg3,BW_supply,Biofuels_waste,0.0
1042,2021,11,reg3,BW_supply,Biofuels_waste,0.0
1043,2021,12,reg3,BW_supply,Biofuels_waste,0.0
1044,2021,13,reg3,BW_supply,Biofuels_waste,0.0
1045,2021,14,reg3,BW_supply,Biofuels_waste,0.0
1046,2021,15,reg3,BW_supply,Biofuels_waste,0.0
1047,2021,16,reg3,BW_supply,Biofuels_waste,0.0
1048,2021,17,reg3,BW_supply,Biofuels_waste,0.0
1049,2021,18,reg3,BW_supply,Biofuels_waste,0.0
1050,2021,19,reg3,BW_supply,Biofuels_waste,0.0
1051,2021,20,reg3,BW_supply,Biofuels_waste,0.0
1052,2021,21,reg3,BW_supply,Biofuels_waste,0.0
1053,2021,22,reg3,BW_supply,Biofuels_waste,0.0
1054,2021,23,reg3,BW_supply,Biofuels_waste,0.0
1055,2021,24,reg3,BW_supply,Biofuels_waste,0.0
1056,2022,1,reg3,BW_supply,Biofuels_waste,0.0
1057,2022,2,reg3,BW_supply,Biofuels_waste,0.0
1058,2022,3,reg3,BW_supply,Biofuels_waste,0.0
1059,2022,4,reg3,BW_supply,Biofuels_waste,0.0
1060,2022,5,reg3,BW_supply,Biofuels_waste,0.0
1061,2022,6,reg3,BW_supply,Biofuels_waste,0.0
1062,2022,7,reg3,BW_supply,Biofuels_waste,0.0
1063,2022,8,reg3,BW_supply,Biofuels_waste,0.0
1064,2022,9,reg3,BW_supply,Biofuels_waste,0.0
1065,2022,10,reg3,BW_supply,Biofuels_waste,0.0
1066,2022,11,reg3,BW_supply,Biofuels_waste,0.0
1067,2022,12,reg3,BW_supply,Biofuels_waste,120.0
1068,2022,13,reg3,BW_supply,Biofuels_waste,0.0
1069,2022,14,reg3,BW_supply,Biofuels_waste,0.0
1070,2022,15,reg3,BW_supply,Biofuels_waste,0.0
1071,2022,16,reg3,BW_supply,Biofuels_waste,120.0
1072,2022,17,reg3,BW_supply,Biofuels_waste,0.0
1073,2022,18,reg3,BW_supply,Biofuels_waste,0.0
1074,2022,19,reg3,BW_supply,Biofuels_waste,0.0
1075,2022,20,reg3,BW_supply,Biofuels_waste,0.0
1076,2022,21,reg3,BW_supply,Biofuels_waste,0.0
1077,2022,22,reg3,BW_supply,Biofuels_waste,0.0
1078,2022,23,reg3,BW_supply,Biofuels_waste,0.0
1079,2022,24,reg3,BW_supply,Biofuels_waste,0.0
1080,2020,1,reg3,Geo_PP,Electricity,0.0
1081,2020,2,reg3,Geo_PP,Electricity,0.0
1082,2020,3,reg3,Geo_PP,Electricity,0.0
1083,2020,4,reg3,Geo_PP,Electricity,0.0
1084,2020,5,reg3,Geo_PP,Electricity,0.0
1085,2020,6,reg3,Geo_PP,Electricity,0.0
1086,2020,7,reg3,Geo_PP,Electricity,0.0
1087,2020,8,reg3,Geo_PP,Electricity,0.0
1088,2020,9,reg3,Geo_PP,Electricity,0.0
1089,2020,10,reg3,Geo_PP,Electricity,0.0
1090,2020,11,reg3,Geo_PP,Electricity,0.0
1091,2020,12,reg3,Geo_PP,Electricity,0.0
1092,2020,13,reg3,Geo_PP,Electricity,0.0
1093,2020,14,reg3,Geo_PP,Electricity,0.0
1094,2020,15,reg3,Geo_PP,Electricity,0.0
1095,2020,16,reg3,Geo_PP,Electricity,0.0
1096,2020,17,reg3,Geo_PP,Electricity,0.0
1097,2020,18,reg3,Geo_PP,Electricity,0.0
1098,2020,19,reg3,Geo_PP,Electricity,0.0
1099,2020,20,reg3,Geo_PP,Electricity,0.0
1100,2020,21,reg3,Geo_PP,Electricity,0.0
1101,2020,22,reg3,Geo_PP,Electricity,0.0
1102,2020,23,reg3,Geo_PP,Electricity,0.0
1103,2020,24,reg3,Geo_PP,Electricity,0.0
1104,2021,1,reg3,Geo_PP,Electricity,120.0
1105,2021,2,reg3,Geo_PP,Electricity,0.0
1106,2021,3,reg3,Geo_PP,Electricity,120.0
1107,2021,4,reg3,Geo_PP,Electricity,0.0
1108,2021,5,reg3,Geo_PP,Electricity,0.0
1109,2021,6,reg3,Geo_PP,Electricity,0.0
1110,2021,7,reg3,Geo_PP,Electricity,120.0
1111,2021,8,reg3,Geo_PP,Electricity,0.0
1112,2021,9,reg3,Geo_PP,Electricity,0.0
1113,2021,10,reg3,Geo_PP,Electricity,0.0
1114,2021,11,reg3,Geo_PP,Electricity,0.0
1115,2021,12,reg3,Geo_PP,Electricity,0.0
1116,2021,13,reg3,Geo_PP,Electricity,0.0
1117,2021,14,reg3,Geo_PP,Electricity,120.0
1118,2021,15,reg3,Geo_PP,Electricity,0.0
1119,2021,16,reg3,Geo_PP,Electricity,120.0
1120,2021,17,reg3,Geo_PP,Electricity,0.0
1121,2021,18,reg3,Geo_PP,Electricity,0.0
1122,2021,19,reg3,Geo_PP,Electricity,0.0
1123,2021,20,reg3,Geo_PP,Electricity,0.0
1124,2021,21,reg3,Geo_PP,Electricity,120.0
1125,2021,22,reg3,Geo_PP,Electricity,120.0
1126,2021,23,reg3,Geo_PP,Electricity,120.0
1127,2021,24,reg3,Geo_PP,Electricity,120.0
1128,2022,1,reg3,Geo_PP,Electricity,120.0
1129,2022,2,reg3,Geo_PP,Electricity,0.0
1130,2022,3,reg3,Geo_PP,Electricity,0.0
1131,2022,4,reg3,Geo_PP,Electricity,120.0
1132,2022,5,reg3,Geo_PP,Electricity,120.0
1133,2022,6,reg3,Geo_PP,Electricity,0.0
1134,2022,7,reg3,Geo_PP,Electricity,120.0
1135,2022,8,reg3,Geo_PP,Electricity,0.0
1136,2022,9,reg3,Geo_PP,Electricity,120.0
1137,2022,10,reg3,Geo_PP,Electricity,120.0
1138,2022,11,reg3,Geo_PP,Electricity,120.0
1139,2022,12,reg3,Geo_PP,Electricity,0.0
1140,2022,13,reg3,Geo_PP,Electricity,120.0
1141,2022,14,reg3,Geo_PP,Electricity,0.0
1142,2022,15,reg3,Geo_PP,Electricity,120.0
1143,2022,16,reg3,Geo_PP,Electricity,0.0
1144,2022,17,reg3,Geo_PP,Electricity,120.0
1145,2022,18,reg3,Geo_PP,Electricity,120.0
1146,2022,19,reg3,Geo_PP,Electricity,0.0
1147,2022,20,reg3,Geo_PP,Electricity,0.0
1148,2022,21,reg3,Geo_PP,Electricity,0.0
1149,2022,22,reg3,Geo_PP,Electricity,120.0
1150,2022,23,reg3,Geo_PP,Electricity,0.0
1151,2022,24,reg3,Geo_PP,Electricity,120.0
1152,2020,1,reg3,S_Hydro_PP,Electricity,0.0
1153,2020,2,reg3,S_Hydro_PP,Electricity,0.0
1154,2020,3,reg3,S_Hydro_PP,Electricity,0.0
1155,2020,4,reg3,S_Hydro_PP,Electricity,0.0
1156,2020,5,reg3,S_Hydro_PP,Electricity,0.0
1157,2020,6,reg3,S_Hydro_PP,Electricity,0.0
1158,2020,7,reg3,S_Hydro_PP,Electricity,0.0
1159,2020,8,reg3,S_Hydro_PP,Electricity,0.0
1160,2020,9,reg3,S_Hydro_PP,Electricity,0.0
1161,2020,10,reg3,S_Hydro_PP,Electricity,0.0
1162,2020,11,reg3,S_Hydro_PP,Electricity,0.0
1163,2020,12,reg3,S_Hydro_PP,Electricity,0.0
1164,2020,13,reg3,S_Hydro_PP,Electricity,0.0
1165,2020,14,reg3,S_Hydro_PP,Electricity,0.0
1166,2020,15,reg3,S_Hydro_PP,Electricity,0.0
1167,2020,16,reg3,S_Hydro_PP,Electricity,0.0
1168,2020,17,reg3,S_Hydro_PP,Electricity,0.0
1169,2020,18,reg3,S_Hydro_PP,Electricity,0.0
1170,2020,19,reg3,S_Hydro_PP,Electricity,0.0
1171,2020,20,reg3,S_Hydro_PP,Electricity,0.0
1172,2020,21,reg3,S_Hydro_PP,Electricity,0.0
1173,2020,22,reg3,S_Hydro_PP,Electricity,0.0
1174,2020,23,reg3,S_Hydro_PP,Electricity,0.0
1175,2020,24,reg3,S_Hydro_PP,Electricity,0.0
1176,2021,1,reg3,S_Hydro_PP,Electricity,0.0
1177,2021,2,reg3,S_Hydro_PP,Electricity,0.0
1178,2021,3,reg3,S_Hydro_PP,Electricity,0.0
1179,2021,4,reg3,S_Hydro_PP,Electricity,0.0
1180,2021,5,reg3,S_Hydro_PP,Electricity,0.0
1181,2021,6,reg3,S_Hydro_PP,Electricity,0.0
1182,2021,7,reg3,S_Hydro_PP,Electricity,0.0
1183,2021,8,reg3,S_Hydro_PP,Electricity,0.0
1184,2021,9,reg3,S_Hydro_PP,Electricity,0.0
1185,2021,10,reg3,S_Hydro_PP,Electricity,0.0
1186,2021,11,reg3,S_Hydro_PP,Electricity,0.0
1187,2021,12,reg3,S_Hydro_PP,Electricity,0.0
1188,2021,13,reg3,S_Hydro_PP,Electricity,0.0
1189,2021,14,reg3,S_Hydro_PP,Electricity,0.0
1190,2021,15,reg3,S_Hydro_PP,Electricity,0.0
1191,2021,16,reg3,S_Hydro_PP,Electricity,0.0
1192,2021,17,reg3,S_Hydro_PP,Electricity,0.0
1193,2021,18,reg3,S_Hydro_PP,Electricity,0.0
1194,2021,19,reg3,S_Hydro_PP,Electricity,0.0
1195,2021,20,reg3,S_Hydro_PP,Electricity,0.0
1196,2021,21,reg3,S_Hydro_PP,Electricity,0.0
1197,2021,22,reg3,S_Hydro_PP,Electricity,0.0
1198,2021,23,reg3,S_Hydro_PP,Electricity,0.0
1199,2021,24,reg3,S_Hydro_PP,Electricity,0.0
1200,2022,1,reg3,S_Hydro_PP,Electricity,0.0
1201,2022,2,reg3,S_Hydro_PP,Electricity,0.0
1202,2022,3,reg3,S_Hydro_PP,Electricity,120.0
1203,2022,4,reg3,S_Hydro_PP,Electricity,0.0
1204,2022,5,reg3,S_Hydro_PP,Electricity,0.0
1205,2022,6,reg3,S_Hydro_PP,Electricity,0.0
1206,2022,7,reg3,S_Hydro_PP,Electricity,0.0
1207,2022,8,reg3,S_Hydro_PP,Electricity,0.0
1208,2022,9,reg3,S_Hydro_PP,Electricity,0.0
1209,2022,10,reg3,S_Hydro_PP,Electricity,0.0
1210,2022,11,reg3,S_Hydro_PP,Electricity,0.0
1211,2022,12,reg3,S_Hydro_PP,Electricity,0.0
1212,2022,13,reg3,S_Hydro_PP,Electricity,0.0
1213,2022,14,reg3,S_Hydro_PP,Electricity,0.0
1214,2022,15,reg3,S_Hydro_PP,Electricity,0.0
1215,2022,16,reg3,S_Hydro_PP,Electricity,0.0
1216,2022,17,reg3,S_Hydro_PP,Electricity,0.0
1217,2022,18,reg3,S_Hydro_PP,Electricity,0.0
1218,2022,19,reg3,S_Hydro_PP,Electricity,120.0
1219,2022,20,reg3,S_Hydro_PP,Electricity,0.0
1220,2022,21,reg3,S_Hydro_PP,Electricity,0.0
1221,2022,22,reg3,S_Hydro_PP,Electricity,0.0
1222,2022,23,reg3,S_Hydro_PP,Electricity,0.0
1223,2022,24,reg3,S_Hydro_PP,Electricity,0.0
1224,2020,1,reg3,L_Hydro_PP,Electricity,0.0
1225,2020,2,reg3,L_Hydro_PP,Electricity,0.0
1226,2020,3,reg3,L_Hydro_PP,Electricity,0.0
1227,2020,4,reg3,L_Hydro_PP,Electricity,0.0
1228,2020,5,reg3,L_Hydro_PP,Electricity,0.0
1229,2020,6,reg3,L_Hydro_PP,Electricity,0.0
1230,2020,7,reg3,L_Hydro_PP,Electricity,0.0
1231,2020,8,reg3,L_Hydro_PP,Electricity,0.0
1232,2020,9,reg3,L_Hydro_PP,Electricity,0.0
1233,2020,10,reg3,L_Hydro_PP,Electricity,0.0
1234,2020,11,reg3,L_Hydro_PP,Electricity,0.0
1235,2020,12,reg3,L_Hydro_PP,Electricity,0.0
1236,2020,13,reg3,L_Hydro_PP,Electricity,0.0
1237,2020,14,reg3,L_Hydro_PP,Electricity,0.0
1238,2020,15,reg3,L_Hydro_PP,Electricity,0.0
1239,2020,16,reg3,L_Hydro_PP,Electricity,0.0
1240,2020,17,reg3,L_Hydro_PP,Electricity,0.0
1241,2020,18,reg3,L_Hydro_PP,Electricity,0.0
1242,2020,19,reg3,L_Hydro_PP,Electricity,0.0
1243,2020,20,reg3,L_Hydro_PP,Electricity,0.0
1244,2020,21,reg3,L_Hydro_PP,Electricity,0.0
1245,2020,22,reg3,L_Hydro_PP,Electricity,0.0
1246,2020,23,reg3,L_Hydro_PP,Electricity,0.0
1247,2020,24,reg3,L_Hydro_PP,Electricity,0.0
1248,2021,1,reg3,L_Hydro_PP,Electricity,0.0
1249,2021,2,reg3,L_Hydro_PP,Electricity,0.0
1250,2021,3,reg3,L_Hydro_PP,Electricity,0.0
1251,2021,4,reg3,L_Hydro_PP,Electricity,0.0
1252,2021,5,reg3,L_Hydro_PP,Electricity,0.0
1253,2021,6,reg3,L_Hydro_PP,Electricity,0.0
1254,2021,7,reg3,L_Hydro_PP,Electricity,0.0
1255,2021,8,reg3,L_Hydro_PP,Electricity,0.0
1256,2021,9,reg3,L_Hydro_PP,Electricity,0.0
1257,2021,10,reg3,L_Hydro_PP,Electricity,0.0
1258,2021,11,reg3,L_Hydro_PP,Electricity,0.0
1259,2021,12,reg3,L_Hydro_PP,Electricity,0.0
1260,2021,13,reg3,L_Hydro_PP,Electricity,0.0
1261,2021,14,reg3,L_Hydro_PP,Electricity,0.0
1262,2021,15,reg3,L_Hydro_PP,Electricity,0.0
1263,2021,16,reg3,L_Hydro_PP,Electricity,0.0
1264,2021,17,reg3,L_Hydro_PP,Electricity,0.0
1265,2021,18,reg3,L_Hydro_PP,Electricity,0.0
1266,2021,19,reg3,L_Hydro_PP,Electricity,0.0
1267,2021,20,reg3,L_Hydro_PP,Electricity,0.0
1268,2021,21,reg3,L_Hydro_PP,Electricity,0.0
1269,2021,22,reg3,L_Hydro_PP,Electricity,0.0
1270,2021,23,reg3,L_Hydro_PP,Electricity,0.0
1271,2021,24,reg3,L_Hydro_PP,Electricity,0.0
1272,2022,1,reg3,L_Hydro_PP,Electricity,0.0
1273,2022,2,reg3,L_Hydro_PP,Electricity,0.0
1274,2022,3,reg3,L_Hydro_PP,Electricity,0.0
1275,2022,4,reg3,L_Hydro_PP,Electricity,0.0
1276,2022,5,reg3,L_Hydro_PP,Electricity,0.0
1277,2022,6,reg3,L_Hydro_PP,Electricity,0.0
1278,2022,7,reg3,L_Hydro_PP,Electricity,0.0
1279,2022,8,reg3,L_Hydro_PP,Electricity,0.0
1280,2022,9,reg3,L_Hydro_PP,Electricity,0.0
1281,2022,10,reg3,L_Hydro_PP,Electricity,0.0
1282,2022,11,reg3,L_Hydro_PP,Electricity,0.0
1283,2022,12,reg3,L_Hydro_PP,Electricity,0.0
1284,2022,13,reg3,L_Hydro_PP,Electricity,0.0
1285,2022,14,reg3,L_Hydro_PP,Electricity,0.0
1286,2022,15,reg3,L_Hydro_PP,Electricity,0.0
1287,2022,16,reg3,L_Hydro_PP,Electricity,0.0
1288,2022,17,reg3,L_Hydro_PP,Electricity,0.0
1289,2022,18,reg3,L_Hydro_PP,Electricity,0.0
1290,2022,19,reg3,L_Hydro_PP,Electricity,0.0
1291,2022,20,reg3,L_Hydro_PP,Electricity,0.0
1292,2022,21,reg3,L_Hydro_PP,Electricity,0.0
1293,2022,22,reg3,L_Hydro_PP,Electricity,0.0
1294,2022,23,reg3,L_Hydro_PP,Electricity,0.0
1295,2022,24,reg3,L_Hydro_PP,Electricity,0.0
1296,2020,1,reg3,HFO_PP,Electricity,0.0
1297,2020,2,reg3,HFO_PP,Electricity,0.0
1298,2020,3,reg3,HFO_PP,Electricity,0.0
1299,2020,4,reg3,HFO_PP,Electricity,0.0
1300,2020,5,reg3,HFO_PP,Electricity,0.0
1301,2020,6,reg3,HFO_PP,Electricity,0.0
1302,2020,7,reg3,HFO_PP,Electricity,0.0
1303,2020,8,reg3,HFO_PP,Electricity,0.0
1304,2020,9,reg3,HFO_PP,Electricity,0.0
1305,2020,10,reg3,HFO_PP,Electricity,0.0
1306,2020,11,reg3,HFO_PP,Electricity,0.0
1307,2020,12,reg3,HFO_PP,Electricity,0.0
1308,2020,13,reg3,HFO_PP,Electricity,0.0
1309,2020,14,reg3,HFO_PP,Electricity,0.0
1310,2020,15,reg3,HFO_PP,Electricity,0.0
1311,2020,16,reg3,HFO_PP,Electricity,0.0
1312,2020,17,reg3,HFO_PP,Electricity,0.0
1313,2020,18,reg3,HFO_PP,Electricity,0.0
1314,2020,19,reg3,HFO_PP,Electricity,0.0
1315,2020,20,reg3,HFO_PP,Electricity,0.0
1316,2020,21,reg3,HFO_PP,Electricity,0.0
1317,2020,22,reg3,HFO_PP,Electricity,0.0
1318,2020,23,reg3,HFO_PP,Electricity,0.0
1319,2020,24,reg3,HFO_PP,Electricity,0.0
1320,2021,1,reg3,HFO_PP,Electricity,0.0
1321,2021,2,reg3,HFO_PP,Electricity,0.0
1322,2021,3,reg3,HFO_PP,Electricity,0.0
1323,2021,4,reg3,HFO_PP,Electricity,0.0
1324,2021,5,reg3,HFO_PP,Electricity,0.0
1325,2021,6,reg3,HFO_PP,Electricity,0.0
1326,2021,7,reg3,HFO_PP,Electricity,0.0
1327,2021,8,reg3,HFO_PP,Electricity,0.0
1328,2021,9,reg3,HFO_PP,Electricity,0.0
1329,2021,10,reg3,HFO_PP,Electricity,0.0
1330,2021,11,reg3,HFO_PP,Electricity,0.0
1331,2021,12,reg3,HFO_PP,Electricity,0.0
1332,2021,13,reg3,HFO_PP,Electricity,0.0
1333,2021,14,reg3,HFO_PP,Electricity,0.0
1334,2021,15,reg3,HFO_PP,Electricity,0.0
1335,2021,16,reg3,HFO_PP,Electricity,0.0
1336,2021,17,reg3,HFO_PP,Electricity,0.0
1337,2021,18,reg3,HFO_PP,Electricity,0.0
1338,2021,19,reg3,HFO_PP,Electricity,0.0
1339,2021,20,reg3,HFO_PP,Electricity,0.0
1340,2021,21,reg3,HFO_PP,Electricity,0.0
1341,2021,22,reg3,HFO_PP,Electricity,0.0
1342,2021,23,reg3,HFO_PP,Electricity,0.0
1343,2021,24,reg3,HFO_PP,Electricity,0.0
1344,2022,1,reg3,HFO_PP,Electricity,0.0
1345,2022,2,reg3,HFO_PP,Electricity,0.0
1346,2022,3,reg3,HFO_PP,Electricity,0.0
1347,2022,4,reg3,HFO_PP,Electricity,0.0
1348,2022,5,reg3,HFO_PP,Electricity,0.0
1349,2022,6,reg3,HFO_PP,Electricity,0.0
1350,2022,7,reg3,HFO_PP,Electricity,0.0
1351,2022,8,reg3,HFO_PP,Electricity,0.0
1352,2022,9,reg3,HFO_PP,Electricity,0.0
1353,2022,10,reg3,HFO_PP,Electricity,0.0
1354,2022,11,reg3,HFO_PP,Electricity,0.0
1355,2022,12,reg3,HFO_PP,Electricity,0.0
1356,2022,13,reg3,HFO_PP,Electricity,0.0
1357,2022,14,reg3,HFO_PP,Electricity,0.0
1358,2022,15,reg3,HFO_PP,Electricity,0.0
1359,2022,16,reg3,HFO_PP,Electricity,0.0
1360,2022,17,reg3,HFO_PP,Electricity,0.0
1361,2022,18,reg3,HFO_PP,Electricity,0.0
1362,2022,19,reg3,HFO_PP,Electricity,0.0
1363,2022,20,reg3,HFO_PP,Electricity,0.0
1364,2022,21,reg3,HFO_PP,Electricity,0.0
1365,2022,22,reg3,HFO_PP,Electricity,0.0
1366,2022,23,reg3,HFO_PP,Electricity,0.0
1367,2022,24,reg3,HFO_PP,Electricity,0.0
1368,2020,1,reg3,BW_PP,Electricity,0.0
1369,2020,2,reg3,BW_PP,Electricity,0.0
1370,2020,3,reg3,BW_PP,Electricity,0.0
1371,2020,4,reg3,BW_PP,Electricity,0.0
1372,2020,5,reg3,BW_PP,Electricity,0.0
1373,2020,6,reg3,BW_PP,Electricity,0.0
1374,2020,7,reg3,BW_PP,Electricity,0.0
1375,2020,8,reg3,BW_PP,Electricity,0.0
1376,2020,9,reg3,BW_PP,Electricity,0.0
1377,2020,10,reg3,BW_PP,Electricity,0.0
1378,2020,11,reg3,BW_PP,Electricity,0.0
1379,2020,12,reg3,BW_PP,Electricity,0.0
1380,2020,13,reg3,BW_PP,Electricity,0.0
1381,2020,14,reg3,BW_PP,Electricity,0.0
1382,2020,15,reg3,BW_PP,Electricity,0.0
1383,2020,16,reg3,BW_PP,Electricity,0.0
1384,2020,17,reg3,BW_PP,Electricity,0.0
1385,2020,18,reg3,BW_PP,Electricity,0.0
1386,2020,19,reg3,BW_PP,Electricity,0.0
1387,2020,20,reg3,BW_PP,Electricity,0.0
1388,2020,21,reg3,BW_PP,Electricity,0.0
1389,2020,22,reg3,BW_PP,Electricity,0.0
1390,2020,23,reg3,BW_PP,Electricity,0.0
1391,2020,24,reg3,BW_PP,Electricity,0.0
1392,2021,1,reg3,BW_PP,Electricity,0.0
1393,2021,2,reg3,BW_PP,Electricity,0.0
1394,2021,3,reg3,BW_PP,Electricity,0.0
1395,2021,4,reg3,BW_PP,Electricity,0.0
1396,2021,5,reg3,BW_PP,Electricity,0.0
1397,2021,6,reg3,BW_PP,Electricity,0.0
1398,2021,7,reg3,BW_PP,Electricity,0.0
1399,2021,8,reg3,BW_PP,Electricity,0.0
1400,2021,9,reg3,BW_PP,Electricity,0.0
1401,2021,10,reg3,BW_PP,Electricity,0.0
1402,2021,11,reg3,BW_PP,Electricity,0.0
1403,2021,12,reg3,BW_PP,Electricity,0.0
1404,2021,13,reg3,BW_PP,Electricity,0.0
1405,2021,14,reg3,BW_PP,Electricity,0.0
1406,2021,15,reg3,BW_PP,Electricity,0.0
1407,2021,16,reg3,BW_PP,Electricity,0.0
1408,2021,17,reg3,BW_PP,Electricity,0.0
1409,2021,18,reg3,BW_PP,Electricity,0.0
1410,2021,19,reg3,BW_PP,Electricity,0.0
1411,2021,20,reg3,BW_PP,Electricity,0.0
1412,2021,21,reg3,BW_PP,Electricity,0.0
1413,2021,22,reg3,BW_PP,Electricity,0.0
1414,2021,23,reg3,BW_PP,Electricity,0.0
1415,2021,24,reg3,BW_PP,Electricity,0.0
1416,2022,1,reg3,BW_PP,Electricity,0.0
1417,2022,2,reg3,BW_PP,Electricity,0.0
1418,2022,3,reg3,BW_PP,Electricity,0.0
1419,2022,4,reg3,BW_PP,Electricity,0.0
1420,2022,5,reg3,BW_PP,Electricity,0.0
1421,2022,6,reg3,BW_PP,Electricity,0.0
1422,2022,7,reg3,BW_PP,Electricity,0.0
1423,2022,8,reg3,BW_PP,Electricity,0.0
1424,2022,9,reg3,BW_PP,Electricity,0.0
1425,2022,10,reg3,BW_PP,Electricity,0.0
1426,2022,11,reg3,BW_PP,Electricity,0.0
1427,2022,12,reg3,BW_PP,Electricity,120.0
1428,2022,13,reg3,BW_PP,Electricity,0.0
1429,2022,14,reg3,BW_PP,Electricity,0.0
1430,2022,15,reg3,BW_PP,Electricity,0.0
1431,2022,16,reg3,BW_PP,Electricity,120.0
1432,2022,17,reg3,BW_PP,Electricity,0.0
1433,2022,18,reg3,BW_PP,Electricity,0.0
1434,2022,19,reg3,BW_PP,Electricity,0.0
1435,2022,20,reg3,BW_PP,Electricity,0.0
1436,2022,21,reg3,BW_PP,Electricity,0.0
1437,2022,22,reg3,BW_PP,Electricity,0.0
1438,2022,23,reg3,BW_PP,Electricity,0.0
1439,2022,24,reg3,BW_PP,Electricity,0.0
1440,2020,1,reg3,Elec_transmission_distribution,Final_electricity,0.0
1441,2020,2,reg3,Elec_transmission_distribution,Final_electricity,0.0
1442,2020,3,reg3,Elec_transmission_distribution,Final_electricity,0.0
1443,2020,4,reg3,Elec_transmission_distribution,Final_electricity,0.0
1444,2020,5,reg3,Elec_transmission_distribution,Final_electricity,0.0
1445,2020,6,reg3,Elec_transmission_distribution,Final_electricity,0.0
1446,2020,7,reg3,Elec_transmission_distribution,Final_electricity,0.0
1447,2020,8,reg3,Elec_transmission_distribution,Final_electricity,0.0
1448,2020,9,reg3,Elec_transmission_distribution,Final_electricity,0.0
1449,2020,10,reg3,Elec_transmission_distribution,Final_electricity,0.0
1450,2020,11,reg3,Elec_transmission_distribution,Final_electricity,0.0
1451,2020,12,reg3,Elec_transmission_distribution,Final_electricity,0.0
1452,2020,13,reg3,Elec_transmission_distribution,Final_electricity,0.0
1453,2020,14,reg3,Elec_transmission_distribution,Final_electricity,0.0
1454,2020,15,reg3,Elec_transmission_distribution,Final_electricity,0.0
1455,2020,16,reg3,Elec_transmission_distribution,Final_electricity,0.0
1456,2020,17,reg3,Elec_transmission_distribution,Final_electricity,0.0
1457,2020,18,reg3,Elec_transmission_distribution,Final_electricity,0.0
1458,2020,19,reg3,Elec_transmission_distribution,Final_electricity,0.0
1459,2020,20,reg3,Elec_transmission_distribution,Final_electricity,0.0
1460,2020,21,reg3,Elec_transmission_distribution,Final_electricity,0.0
1461,2020,22,reg3,Elec_transmission_distribution,Final_electricity,0.0
1462,2020,23,reg3,Elec_transmission_distribution,Final_electricity,0.0
1463,2020,24,reg3,Elec_transmission_distribution,Final_electricity,0.0
1464,2021,1,reg3,Elec_transmission_distribution,Final_electricity,0.0
1465,2021,2,reg3,Elec_transmission_distribution,Final_electricity,0.0
1466,2021,3,reg3,Elec_transmission_distribution,Final_electricity,0.0
1467,2021,4,reg3,Elec_transmission_distribution,Final_electricity,0.0
1468,2021,5,reg3,Elec_transmission_distribution,Final_electricity,0.0
1469,2021,6,reg3,Elec_transmission_distribution,Final_electricity,0.0
1470,2021,7,reg3,Elec_transmission_distribution,Final_electricity,0.0
1471,2021,8,reg3,Elec_transmission_distribution,Final_electricity,0.0
1472,2021,9,reg3,Elec_transmission_distribution,Final_electricity,0.0
1473,2021,10,reg3,Elec_transmission_distribution,Final_electricity,0.0
1474,2021,11,reg3,Elec_transmission_distribution,Final_electricity,0.0
1475,2021,12,reg3,Elec_transmission_distribution,Final_electricity,0.0
1476,2021,13,reg3,Elec_transmission_distribution,Final_electricity,0.0
1477,2021,14,reg3,Elec_transmission_distribution,Final_electricity,0.0
1478,2021,15,reg3,Elec_transmission_distribution,Final_electricity,0.0
1479,2021,16,reg3,Elec_transmission_distribution,Final_electricity,0.0
1480,2021,17,reg3,Elec_transmission_distribution,Final_electricity,0.0
1481,2021,18,reg3,Elec_transmission_distribution,Final_electricity,0.0
1482,2021,19,reg3,Elec_transmission_distribution,Final_electricity,0.0
1483,2021,20,reg3,Elec_transmission_distribution,Final_electricity,0.0
1484,2021,21,reg3,Elec_transmission_distribution,Final_electricity,0.0
1485,2021,22,reg3,Elec_transmission_distribution,Final_electricity,0.0
1486,2021,23,reg3,Elec_transmission_distribution,Final_electricity,0.0
1487,2021,24,reg3,Elec_transmission_distribution,Final_electricity,0.0
1488,2022,1,reg3,Elec_transmission_distribution,Final_electricity,0.0
1489,2022,2,reg3,Elec_transmission_distribution,Final_electricity,0.0
1490,2022,3,reg3,Elec_transmission_distribution,Final_electricity,0.0
1491,2022,4,reg3,Elec_transmission_distribution,Final_electricity,0.0
1492,2022,5,reg3,Elec_transmission_distribution,Final_electricity,0.0
1493,2022,6,reg3,Elec_transmission_distribution,Final_electricity,0.0
1494,2022,7,reg3,Elec_transmission_distribution,Final_electricity,0.0
1495,2022,8,reg3,Elec_transmission_distribution,Final_electricity,0.0
1496,2022,9,reg3,Elec_transmission_distribution,Final_electricity,0.0
1497,2022,10,reg3,Elec_transmission_distribution,Final_electricity,0.0
1498,2022,11,reg3,Elec_transmission_distribution,Final_electricity,0.0
1499,2022,12,reg3,Elec_transmission_distribution,Final_electricity,0.0
1500,2022,13,reg3,Elec_transmission_distribution,Final_electricity,0.0
1501,2022,14,reg3,Elec_transmission_distribution,Final_electricity,0.0
1502,2022,15,reg3,Elec_transmission_distribution,Final_electricity,0.0
1503,2022,16,reg3,Elec_transmission_distribution,Final_electricity,0.0
1504,2022,17,reg3,Elec_transmission_distribution,Final_electricity,0.0
1505,2022,18,reg3,Elec_transmission_distribution,Final_electricity,0.0
1506,2022,19,reg3,Elec_transmission_distribution,Final_electricity,0.0
1507,2022,20,reg3,Elec_transmission_distribution,Final_electricity,0.0
1508,2022,21,reg3,Elec_transmission_distribution,Final_electricity,0.0
1509,2022,22,reg3,Elec_transmission_distribution,Final_electricity,0.0
1510,2022,23,reg3,Elec_transmission_distribution,Final_electricity,0.0
1511,2022,24,reg3,Elec_transmission_distribution,Final_electricity,0.0
1512,2020,1,reg4,S_Hydro_PP,Electricity,0.0
1513,2020,2,reg4,S_Hydro_PP,Electricity,0.0
1514,2020,3,reg4,S_Hydro_PP,Electricity,0.0
1515,2020,4,reg4,S_Hydro_PP,Electricity,0.0
1516,2020,5,reg4,S_Hydro_PP,Electricity,0.0
1517,2020,6,reg4,S_Hydro_PP,Electricity,0.0
1518,2020,7,reg4,S_Hydro_PP,Electricity,0.0
1519,2020,8,reg4,S_Hydro_PP,Electricity,0.0
1520,2020,9,reg4,S_Hydro_PP,Electricity,0.0
1521,2020,10,reg4,S_Hydro_PP,Electricity,0.0
1522,2020,11,reg4,S_Hydro_PP,Electricity,0.0
1523,2020,12,reg4,S_Hydro_PP,Electricity,0.0
1524,2020,13,reg4,S_Hydro_PP,Electricity,0.0
1525,2020,14,reg4,S_Hydro_PP,Electricity,0.0
1526,2020,15,reg4,S_Hydro_PP,Electricity,0.0
1527,2020,16,reg4,S_Hydro_PP,Electricity,0.0
1528,2020,17,reg4,S_Hydro_PP,Electricity,0.0
1529,2020,18,reg4,S_Hydro_PP,Electricity,0.0
1530,2020,19,reg4,S_Hydro_PP,Electricity,0.0
1531,2020,20,reg4,S_Hydro_PP,Electricity,0.0
1532,2020,21,reg4,S_Hydro_PP,Electricity,0.0
1533,2020,22,reg4,S_Hydro_PP,Electricity,0.0
1534,2020,23,reg4,S_Hydro_PP,Electricity,0.0
1535,2020,24,reg4,S_Hydro_PP,Electricity,0.0
1536,2021,1,reg4,S_Hydro_PP,Electricity,0.0
1537,2021,2,reg4,S_Hydro_PP,Electricity,0.0
1538,2021,3,reg4,S_Hydro_PP,Electricity,0.0
1539,2021,4,reg4,S_Hydro_PP,Electricity,0.0
1540,2021,5,reg4,S_Hydro_PP,Electricity,0.0
1541,2021,6,reg4,S_Hydro_PP,Electricity,0.0
1542,2021,7,reg4,S_Hydro_PP,Electricity,0.0
1543,2021,8,reg4,S_Hydro_PP,Electricity,0.0
1544,2021,9,reg4,S_Hydro_PP,Electricity,0.0
1545,2021,10,reg4,S_Hydro_PP,Electricity,0.0
1546,2021,11,reg4,S_Hydro_PP,Electricity,0.0
1547,2021,12,reg4,S_Hydro_PP,Electricity,0.0
1548,2021,13,reg4,S_Hydro_PP,Electricity,0.0
1549,2021,14,reg4,S_Hydro_PP,Electricity,0.0
1550,2021,15,reg4,S_Hydro_PP,Electricity,0.0
1551,2021,16,reg4,S_Hydro_PP,Electricity,0.0
1552,2021,17,reg4,S_Hydro_PP,Electricity,0.0
1553,2021,18,reg4,S_Hydro_PP,Electricity,0.0
1554,2021,19,reg4,S_Hydro_PP,Electricity,0.0
1555,2021,20,reg4,S_Hydro_PP,Electricity,0.0
1556,2021,21,reg4,S_Hydro_PP,Electricity,0.0
1557,2021,22,reg4,S_Hydro_PP,Electricity,0.0
1558,2021,23,reg4,S_Hydro_PP,Electricity,0.0
1559,2021,24,reg4,S_Hydro_PP,Electricity,0.0
1560,2022,1,reg4,S_Hydro_PP,Electricity,0.0
1561,2022,2,reg4,S_Hydro_PP,Electricity,0.0
1562,2022,3,reg4,S_Hydro_PP,Electricity,0.0
1563,2022,4,reg4,S_Hydro_PP,Electricity,0.0
1564,2022,5,reg4,S_Hydro_PP,Electricity,0.0
1565,2022,6,reg4,S_Hydro_PP,Electricity,0.0
1566,2022,7,reg4,S_Hydro_PP,Electricity,0.0
1567,2022,8,reg4,S_Hydro_PP,Electricity,0.0
1568,2022,9,reg4,S_Hydro_PP,Electricity,0.0
1569,2022,10,reg4,S_Hydro_PP,Electricity,0.0
1570,2022,11,reg4,S_Hydro_PP,Electricity,0.0
1571,2022,12,reg4,S_Hydro_PP,Electricity,0.0
1572,2022,13,reg4,S_Hydro_PP,Electricity,0.0
1573,2022,14,reg4,S_Hydro_PP,Electricity,0.0
1574,2022,15,reg4,S_Hydro_PP,Electricity,0.0
1575,2022,16,reg4,S_Hydro_PP,Electricity,0.0
1576,2022,17,reg4,S_Hydro_PP,Electricity,0.0
1577,2022,18,reg4,S_Hydro_PP,Electricity,0.0
1578,2022,19,reg4,S_Hydro_PP,Electricity,0.0
1579,2022,20,reg4,S_Hydro_PP,Electricity,0.0
1580,2022,21,reg4,S_Hydro_PP,Electricity,0.0
1581,2022,22,reg4,S_Hydro_PP,Electricity,0.0
1582,2022,23,reg4,S_Hydro_PP,Electricity,0.0
1583,2022,24,reg4,S_Hydro_PP,Electricity,0.0
1584,2020,1,reg4,L_Hydro_PP,Electricity,0.0
1585,2020,2,reg4,L_Hydro_PP,Electricity,0.0
1586,2020,3,reg4,L_Hydro_PP,Electricity,0.0
1587,2020,4,reg4,L_Hydro_PP,Electricity,0.0
1588,2020,5,reg4,L_Hydro_PP,Electricity,0.0
1589,2020,6,reg4,L_Hydro_PP,Electricity,0.0
1590,2020,7,reg4,L_Hydro_PP,Electricity,0.0
1591,2020,8,reg4,L_Hydro_PP,Electricity,0.0
1592,2020,9,reg4,L_Hydro_PP,Electricity,0.0
1593,2020,10,reg4,L_Hydro_PP,Electricity,0.0
1594,2020,11,reg4,L_Hydro_PP,Electricity,0.0
1595,2020,12,reg4,L_Hydro_PP,Electricity,0.0
1596,2020,13,reg4,L_Hydro_PP,Electricity,0.0
1597,2020,14,reg4,L_Hydro_PP,Electricity,0.0
1598,2020,15,reg4,L_Hydro_PP,Electricity,0.0
1599,2020,16,reg4,L_Hydro_PP,Electricity,0.0
1600,2020,17,reg4,L_Hydro_PP,Electricity,0.0
1601,2020,18,reg4,L_Hydro_PP,Electricity,0.0
1602,2020,19,reg4,L_Hydro_PP,Electricity,0.0
1603,2020,20,reg4,L_Hydro_PP,Electricity,0.0
1604,2020,21,reg4,L_Hydro_PP,Electricity,0.0
1605,2020,22,reg4,L_Hydro_PP,Electricity,0.0
1606,2020,23,reg4,L_Hydro_PP,Electricity,0.0
1607,2020,24,reg4,L_Hydro_PP,Electricity,0.0
1608,2021,1,reg4,L_Hydro_PP,Electricity,0.0
1609,2021,2,reg4,L_Hydro_PP,Electricity,0.0
1610,2021,3,reg4,L_Hydro_PP,Electricity,0.0
1611,2021,4,reg4,L_Hydro_PP,Electricity,0.0
1612,2021,5,reg4,L_Hydro_PP,Electricity,0.0
1613,2021,6,reg4,L_Hydro_PP,Electricity,0.0
1614,2021,7,reg4,L_Hydro_PP,Electricity,0.0
1615,2021,8,reg4,L_Hydro_PP,Electricity,0.0
1616,2021,9,reg4,L_Hydro_PP,Electricity,0.0
1617,2021,10,reg4,L_Hydro_PP,Electricity,0.0
1618,2021,11,reg4,L_Hydro_PP,Electricity,0.0
1619,2021,12,reg4,L_Hydro_PP,Electricity,0.0
1620,2021,13,reg4,L_Hydro_PP,Electricity,0.0
1621,2021,14,reg4,L_Hydro_PP,Electricity,0.0
1622,2021,15,reg4,L_Hydro_PP,Electricity,0.0
1623,2021,16,reg4,L_Hydro_PP,Electricity,0.0
1624,2021,17,reg4,L_Hydro_PP,Electricity,0.0
1625,2021,18,reg4,L_Hydro_PP,Electricity,0.0
1626,2021,19,reg4,L_Hydro_PP,Electricity,0.0
1627,2021,20,reg4,L_Hydro_PP,Electricity,0.0
1628,2021,21,reg4,L_Hydro_PP,Electricity,0.0
1629,2021,22,reg4,L_Hydro_PP,Electricity,0.0
1630,2021,23,reg4,L_Hydro_PP,Electricity,0.0
1631,2021,24,reg4,L_Hydro_PP,Electricity,0.0
1632,2022,1,reg4,L_Hydro_PP,Electricity,0.0
1633,2022,2,reg4,L_Hydro_PP,Electricity,0.0
1634,2022,3,reg4,L_Hydro_PP,Electricity,0.0
1635,2022,4,reg4,L_Hydro_PP,Electricity,0.0
1636,2022,5,reg4,L_Hydro_PP,Electricity,0.0
1637,2022,6,reg4,L_Hydro_PP,Electricity,0.0
1638,2022,7,reg4,L_Hydro_PP,Electricity,0.0
1639,2022,8,reg4,L_Hydro_PP,Electricity,0.0
1640,2022,9,reg4,L_Hydro_PP,Electricity,0.0
1641,2022,10,reg4,L_Hydro_PP,Electricity,0.0
1642,2022,11,reg4,L_Hydro_PP,Electricity,0.0
1643,2022,12,reg4,L_Hydro_PP,Electricity,0.0
1644,2022,13,reg4,L_Hydro_PP,Electricity,0.0
1645,2022,14,reg4,L_Hydro_PP,Electricity,0.0
1646,2022,15,reg4,L_Hydro_PP,Electricity,0.0
1647,2022,16,reg4,L_Hydro_PP,Electricity,0.0
1648,2022,17,reg4,L_Hydro_PP,Electricity,0.0
1649,2022,18,reg4,L_Hydro_PP,Electricity,0.0
1650,2022,19,reg4,L_Hydro_PP,Electricity,0.0
1651,2022,20,reg4,L_Hydro_PP,Electricity,0.0
1652,2022,21,reg4,L_Hydro_PP,Electricity,0.0
1653,2022,22,reg4,L_Hydro_PP,Electricity,0.0
1654,2022,23,reg4,L_Hydro_PP,Electricity,0.0
1655,2022,24,reg4,L_Hydro_PP,Electricity,0.0
1656,2020,1,reg4,Elec_transmission_distribution,Final_electricity,0.0
1657,2020,2,reg4,Elec_transmission_distribution,Final_electricity,0.0
1658,2020,3,reg4,Elec_transmission_distribution,Final_electricity,0.0
1659,2020,4,reg4,Elec_transmission_distribution,Final_electricity,0.0
1660,2020,5,reg4,Elec_transmission_distribution,Final_electricity,0.0
1661,2020,6,reg4,Elec_transmission_distribution,Final_electricity,0.0
1662,2020,7,reg4,Elec_transmission_distribution,Final_electricity,0.0
1663,2020,8,reg4,Elec_transmission_distribution,Final_electricity,0.0
1664,2020,9,reg4,Elec_transmission_distribution,Final_electricity,0.0
1665,2020,10,reg4,Elec_transmission_distribution,Final_electricity,0.0
1666,2020,11,reg4,Elec_transmission_distribution,Final_electricity,0.0
1667,2020,12,reg4,Elec_transmission_distribution,Final_electricity,0.0
1668,2020,13,reg4,Elec_transmission_distribution,Final_electricity,0.0
1669,2020,14,reg4,Elec_transmission_distribution,Final_electricity,0.0
1670,2020,15,reg4,Elec_transmission_distribution,Final_electricity,0.0
1671,2020,16,reg4,Elec_transmission_distribution,Final_electricity,0.0
1672,2020,17,reg4,Elec_transmission_distribution,Final_electricity,0.0
1673,2020,18,reg4,Elec_transmission_distribution,Final_electricity,0.0
1674,2020,19,reg4,Elec_transmission_distribution,Final_electricity,0.0
1675,2020,20,reg4,Elec_transmission_distribution,Final_electricity,0.0
1676,2020,21,reg4,Elec_transmission_distribution,Final_electricity,0.0
1677,2020,22,reg4,Elec_transmission_distribution,Final_electricity,0.0
1678,2020,23,reg4,Elec_transmission_distribution,Final_electricity,0.0
1679,2020,24,reg4,Elec_transmission_distribution,Final_electricity,0.0
1680,2021,1,reg4,Elec_transmission_distribution,Final_electricity,0.0
1681,2021,2,reg4,Elec_transmission_distribution,Final_electricity,0.0
1682,2021,3,reg4,Elec_transmission_distribution,Final_electricity,0.0
1683,2021,4,reg4,Elec_transmission_distribution,Final_electricity,0.0
1684,2021,5,reg4,Elec_transmission_distribution,Final_electricity,0.0
1685,2021,6,reg4,Elec_transmission_distribution,Final_electricity,0.0
1686,2021,7,reg4,Elec_transmission_distribution,Final_electricity,0.0
1687,2021,8,reg4,Elec_transmission_distribution,Final_electricity,0.0
1688,2021,9,reg4,Elec_transmission_distribution,Final_electricity,0.0
1689,2021,10,reg4,Elec_transmission_distribution,Final_electricity,0.0
1690,2021,11,reg4,Elec_transmission_distribution,Final_electricity,0.0
1691,2021,12,reg4,Elec_transmission_distribution,Final_electricity,0.0
1692,2021,13,reg4,Elec_transmission_distribution,Final_electricity,0.0
1693,2021,14,reg4,Elec_transmission_distribution,Final_electricity,0.0
1694,2021,15,reg4,Elec_transmission_distribution,Final_electricity,0.0
1695,2021,16,reg4,Elec_transmission_distribution,Final_electricity,0.0
1696,2021,17,reg4,Elec_transmission_distribution,Final_electricity,0.0
1697,2021,18,reg4,Elec_transmission_distribution,Final_electricity,0.0
1698,2021,19,reg4,Elec_transmission_distribution,Final_electricity,0.0
1699,2021,20,reg4,Elec_transmission_distribution,Final_electricity,0.0
1700,2021,21,reg4,Elec_transmission_distribution,Final_electricity,0.0
1701,2021,22,reg4,Elec_transmission_distribution,Final_electricity,0.0
1702,2021,23,reg4,Elec_transmission_distribution,Final_electricity,0.0
1703,2021,24,reg4,Elec_transmission_distribution,Final_electricity,0.0
1704,2022,1,reg4,Elec_transmission_distribution,Final_electricity,0.0
1705,2022,2,reg4,Elec_transmission_distribution,Final_electricity,0.0
1706,2022,3,reg4,Elec_transmission_distribution,Final_electricity,0.0
1707,2022,4,reg4,Elec_transmission_distribution,Final_electricity,0.0
1708,2022,5,reg4,Elec_transmission_distribution,Final_electricity,0.0
1709,2022,6,reg4,Elec_transmission_distribution,Final_electricity,0.0
1710,2022,7,reg4,Elec_transmission_distribution,Final_electricity,0.0
1711,2022,8,reg4,Elec_transmission_distribution,Final_electricity,0.0
1712,2022,9,reg4,Elec_transmission_distribution,Final_electricity,0.0
1713,2022,10,reg4,Elec_transmission_distribution,Final_electricity,0.0
1714,2022,11,reg4,Elec_transmission_distribution,Final_electricity,0.0
1715,2022,12,reg4,Elec_transmission_distribution,Final_electricity,0.0
1716,2022,13,reg4,Elec_transmission_distribution,Final_electricity,0.0
1717,2022,14,reg4,Elec_transmission_distribution,Final_electricity,0.0
1718,2022,15,reg4,Elec_transmission_distribution,Final_electricity,0.0
1719,2022,16,reg4,Elec_transmission_distribution,Final_electricity,0.0
1720,2022,17,reg4,Elec_transmission_distribution,Final_electricity,0.0
1721,2022,18,reg4,Elec_transmission_distribution,Final_electricity,0.0
1722,2022,19,reg4,Elec_transmission_distribution,Final_electricity,0.0
1723,2022,20,reg4,Elec_transmission_distribution,Final_electricity,0.0
1724,2022,21,reg4,Elec_transmission_distribution,Final_electricity,0.0
1725,2022,22,reg4,Elec_transmission_distribution,Final_electricity,0.0
1726,2022,23,reg4,Elec_transmission_distribution,Final_electricity,0.0
1727,2022,24,reg4,Elec_transmission_distribution,Final_electricity,0.0
