,Datetime,Region,Technology,Cost,Value
0,2020,reg1,Natural_gas_supply,fixed_cost,0.0
1,2021,reg1,Natural_gas_supply,fixed_cost,0.0
2,2022,reg1,Natural_gas_supply,fixed_cost,0.0
3,2023,reg1,Natural_gas_supply,fixed_cost,0.0
4,2024,reg1,Natural_gas_supply,fixed_cost,0.0
5,2025,reg1,Natural_gas_supply,fixed_cost,0.0
6,2026,reg1,Natural_gas_supply,fixed_cost,0.0
7,2027,reg1,Natural_gas_supply,fixed_cost,0.0
8,2028,reg1,Natural_gas_supply,fixed_cost,0.0
9,2029,reg1,Natural_gas_supply,fixed_cost,0.0
10,2030,reg1,Natural_gas_supply,fixed_cost,0.0
11,2020,reg1,Oil_supply,fixed_cost,0.0
12,2021,reg1,Oil_supply,fixed_cost,0.0
13,2022,reg1,Oil_supply,fixed_cost,0.0
14,2023,reg1,Oil_supply,fixed_cost,0.0
15,2024,reg1,Oil_supply,fixed_cost,0.0
16,2025,reg1,Oil_supply,fixed_cost,0.0
17,2026,reg1,Oil_supply,fixed_cost,0.0
18,2027,reg1,Oil_supply,fixed_cost,0.0
19,2028,reg1,Oil_supply,fixed_cost,0.0
20,2029,reg1,Oil_supply,fixed_cost,0.0
21,2030,reg1,Oil_supply,fixed_cost,0.0
22,2020,reg1,PV_PP,fixed_cost,0.0
23,2021,reg1,PV_PP,fixed_cost,5444160.778793747
24,2022,reg1,PV_PP,fixed_cost,6654344.161355002
25,2023,reg1,PV_PP,fixed_cost,7864527.543916309
26,2024,reg1,PV_PP,fixed_cost,8988079.181002282
27,2025,reg1,PV_PP,fixed_cost,8988079.181002282
28,2026,reg1,PV_PP,fixed_cost,9625775.573379219
29,2027,reg1,PV_PP,fixed_cost,10567158.851222454
30,2028,reg1,PV_PP,fixed_cost,11544059.67918842
31,2029,reg1,PV_PP,fixed_cost,13659810.580561712
32,2030,reg1,PV_PP,fixed_cost,13659810.580561712
33,2020,reg1,Wind_PP,fixed_cost,1900000.0
34,2021,reg1,Wind_PP,fixed_cost,42579623.49308134
35,2022,reg1,Wind_PP,fixed_cost,69382979.08563697
36,2023,reg1,Wind_PP,fixed_cost,96186334.6781925
37,2024,reg1,Wind_PP,fixed_cost,124637733.90412962
38,2025,reg1,Wind_PP,fixed_cost,170791019.4871283
39,2026,reg1,Wind_PP,fixed_cost,205416113.09569877
40,2027,reg1,Wind_PP,fixed_cost,235716104.5626366
41,2028,reg1,Wind_PP,fixed_cost,265510255.83873007
42,2029,reg1,Wind_PP,fixed_cost,279084928.67429334
43,2030,reg1,Wind_PP,fixed_cost,279084928.67429334
44,2020,reg1,Hydro_PP,fixed_cost,3591000.0
45,2021,reg1,Hydro_PP,fixed_cost,3591000.0
46,2022,reg1,Hydro_PP,fixed_cost,3591000.0
47,2023,reg1,Hydro_PP,fixed_cost,3591000.0
48,2024,reg1,Hydro_PP,fixed_cost,3591000.0
49,2025,reg1,Hydro_PP,fixed_cost,3591000.0
50,2026,reg1,Hydro_PP,fixed_cost,3591000.0
51,2027,reg1,Hydro_PP,fixed_cost,3591000.0
52,2028,reg1,Hydro_PP,fixed_cost,3591000.0
53,2029,reg1,Hydro_PP,fixed_cost,3591000.0
54,2030,reg1,Hydro_PP,fixed_cost,3591000.0
55,2020,reg1,HFO_PP,fixed_cost,22528000.0
56,2021,reg1,HFO_PP,fixed_cost,22528000.0
57,2022,reg1,HFO_PP,fixed_cost,22528000.0
58,2023,reg1,HFO_PP,fixed_cost,22528000.0
59,2024,reg1,HFO_PP,fixed_cost,22528000.0
60,2025,reg1,HFO_PP,fixed_cost,22528000.0
61,2026,reg1,HFO_PP,fixed_cost,22528000.0
62,2027,reg1,HFO_PP,fixed_cost,22528000.0
63,2028,reg1,HFO_PP,fixed_cost,22528000.0
64,2029,reg1,HFO_PP,fixed_cost,22528000.0
65,2030,reg1,HFO_PP,fixed_cost,22528000.0
66,2020,reg1,OCGT_PP,fixed_cost,1260000.0
67,2021,reg1,OCGT_PP,fixed_cost,1260000.0
68,2022,reg1,OCGT_PP,fixed_cost,1260000.0
69,2023,reg1,OCGT_PP,fixed_cost,1260000.0
70,2024,reg1,OCGT_PP,fixed_cost,1260000.0
71,2025,reg1,OCGT_PP,fixed_cost,1260000.0
72,2026,reg1,OCGT_PP,fixed_cost,2692990.1467249906
73,2027,reg1,OCGT_PP,fixed_cost,3494264.9187043277
74,2028,reg1,OCGT_PP,fixed_cost,5123786.203102142
75,2029,reg1,OCGT_PP,fixed_cost,8153572.580899956
76,2030,reg1,OCGT_PP,fixed_cost,13675630.851281483
77,2020,reg1,Elec_distribution,fixed_cost,0.0
78,2021,reg1,Elec_distribution,fixed_cost,0.0
79,2022,reg1,Elec_distribution,fixed_cost,0.0
80,2023,reg1,Elec_distribution,fixed_cost,0.0
81,2024,reg1,Elec_distribution,fixed_cost,0.0
82,2025,reg1,Elec_distribution,fixed_cost,0.0
83,2026,reg1,Elec_distribution,fixed_cost,0.0
84,2027,reg1,Elec_distribution,fixed_cost,0.0
85,2028,reg1,Elec_distribution,fixed_cost,0.0
86,2029,reg1,Elec_distribution,fixed_cost,0.0
87,2030,reg1,Elec_distribution,fixed_cost,0.0
88,2020,reg2,Oil_supply,fixed_cost,0.0
89,2021,reg2,Oil_supply,fixed_cost,0.0
90,2022,reg2,Oil_supply,fixed_cost,0.0
91,2023,reg2,Oil_supply,fixed_cost,0.0
92,2024,reg2,Oil_supply,fixed_cost,0.0
93,2025,reg2,Oil_supply,fixed_cost,0.0
94,2026,reg2,Oil_supply,fixed_cost,0.0
95,2027,reg2,Oil_supply,fixed_cost,0.0
96,2028,reg2,Oil_supply,fixed_cost,0.0
97,2029,reg2,Oil_supply,fixed_cost,0.0
98,2030,reg2,Oil_supply,fixed_cost,0.0
99,2020,reg2,Natural_gas_supply,fixed_cost,0.0
100,2021,reg2,Natural_gas_supply,fixed_cost,0.0
101,2022,reg2,Natural_gas_supply,fixed_cost,0.0
102,2023,reg2,Natural_gas_supply,fixed_cost,0.0
103,2024,reg2,Natural_gas_supply,fixed_cost,0.0
104,2025,reg2,Natural_gas_supply,fixed_cost,0.0
105,2026,reg2,Natural_gas_supply,fixed_cost,0.0
106,2027,reg2,Natural_gas_supply,fixed_cost,0.0
107,2028,reg2,Natural_gas_supply,fixed_cost,0.0
108,2029,reg2,Natural_gas_supply,fixed_cost,0.0
109,2030,reg2,Natural_gas_supply,fixed_cost,0.0
110,2020,reg2,Biomass_waste_supply,fixed_cost,0.0
111,2021,reg2,Biomass_waste_supply,fixed_cost,0.0
112,2022,reg2,Biomass_waste_supply,fixed_cost,0.0
113,2023,reg2,Biomass_waste_supply,fixed_cost,0.0
114,2024,reg2,Biomass_waste_supply,fixed_cost,0.0
115,2025,reg2,Biomass_waste_supply,fixed_cost,0.0
116,2026,reg2,Biomass_waste_supply,fixed_cost,0.0
117,2027,reg2,Biomass_waste_supply,fixed_cost,0.0
118,2028,reg2,Biomass_waste_supply,fixed_cost,0.0
119,2029,reg2,Biomass_waste_supply,fixed_cost,0.0
120,2030,reg2,Biomass_waste_supply,fixed_cost,0.0
121,2020,reg2,Geo_PP,fixed_cost,84864000.0
122,2021,reg2,Geo_PP,fixed_cost,84864000.0
123,2022,reg2,Geo_PP,fixed_cost,84864000.0
124,2023,reg2,Geo_PP,fixed_cost,84864000.0
125,2024,reg2,Geo_PP,fixed_cost,84864000.0
126,2025,reg2,Geo_PP,fixed_cost,84864000.0
127,2026,reg2,Geo_PP,fixed_cost,84864000.0
128,2027,reg2,Geo_PP,fixed_cost,84864000.0
129,2028,reg2,Geo_PP,fixed_cost,84864000.0
130,2029,reg2,Geo_PP,fixed_cost,84864000.0
131,2030,reg2,Geo_PP,fixed_cost,84864000.0
132,2020,reg2,PV_PP,fixed_cost,0.0
133,2021,reg2,PV_PP,fixed_cost,0.0
134,2022,reg2,PV_PP,fixed_cost,0.0
135,2023,reg2,PV_PP,fixed_cost,0.0
136,2024,reg2,PV_PP,fixed_cost,0.0
137,2025,reg2,PV_PP,fixed_cost,0.0
138,2026,reg2,PV_PP,fixed_cost,0.0
139,2027,reg2,PV_PP,fixed_cost,0.0
140,2028,reg2,PV_PP,fixed_cost,0.0
141,2029,reg2,PV_PP,fixed_cost,0.0
142,2030,reg2,PV_PP,fixed_cost,0.0
143,2020,reg2,Wind_PP,fixed_cost,0.0
144,2021,reg2,Wind_PP,fixed_cost,0.0
145,2022,reg2,Wind_PP,fixed_cost,0.0
146,2023,reg2,Wind_PP,fixed_cost,0.0
147,2024,reg2,Wind_PP,fixed_cost,0.0
148,2025,reg2,Wind_PP,fixed_cost,5543711.449971381
149,2026,reg2,Wind_PP,fixed_cost,15238681.633556256
150,2027,reg2,Wind_PP,fixed_cost,31340899.748477764
151,2028,reg2,Wind_PP,fixed_cost,42176969.030538656
152,2029,reg2,Wind_PP,fixed_cost,51906911.87445542
153,2030,reg2,Wind_PP,fixed_cost,51906911.87445542
154,2020,reg2,Hydro_PP,fixed_cost,18295200.0
155,2021,reg2,Hydro_PP,fixed_cost,18295200.0
156,2022,reg2,Hydro_PP,fixed_cost,18295200.0
157,2023,reg2,Hydro_PP,fixed_cost,18295200.0
158,2024,reg2,Hydro_PP,fixed_cost,18295200.0
159,2025,reg2,Hydro_PP,fixed_cost,18295200.0
160,2026,reg2,Hydro_PP,fixed_cost,18295200.0
161,2027,reg2,Hydro_PP,fixed_cost,18295200.0
162,2028,reg2,Hydro_PP,fixed_cost,18295200.0
163,2029,reg2,Hydro_PP,fixed_cost,18295200.0
164,2030,reg2,Hydro_PP,fixed_cost,18295200.0
165,2020,reg2,HFO_PP,fixed_cost,3200000.0
166,2021,reg2,HFO_PP,fixed_cost,3200000.0
167,2022,reg2,HFO_PP,fixed_cost,3200000.0
168,2023,reg2,HFO_PP,fixed_cost,3200000.0
169,2024,reg2,HFO_PP,fixed_cost,3200000.0
170,2025,reg2,HFO_PP,fixed_cost,3200000.0
171,2026,reg2,HFO_PP,fixed_cost,3200000.0
172,2027,reg2,HFO_PP,fixed_cost,3200000.0
173,2028,reg2,HFO_PP,fixed_cost,3200000.0
174,2029,reg2,HFO_PP,fixed_cost,3200000.0
175,2030,reg2,HFO_PP,fixed_cost,3200000.0
176,2020,reg2,OCGT_PP,fixed_cost,0.0
177,2021,reg2,OCGT_PP,fixed_cost,0.0
178,2022,reg2,OCGT_PP,fixed_cost,0.0
179,2023,reg2,OCGT_PP,fixed_cost,0.0
180,2024,reg2,OCGT_PP,fixed_cost,0.0
181,2025,reg2,OCGT_PP,fixed_cost,0.0
182,2026,reg2,OCGT_PP,fixed_cost,0.0
183,2027,reg2,OCGT_PP,fixed_cost,0.0
184,2028,reg2,OCGT_PP,fixed_cost,0.0
185,2029,reg2,OCGT_PP,fixed_cost,0.0
186,2030,reg2,OCGT_PP,fixed_cost,0.0
187,2020,reg2,BW_PP,fixed_cost,5472000.0
188,2021,reg2,BW_PP,fixed_cost,5472000.0
189,2022,reg2,BW_PP,fixed_cost,5472000.0
190,2023,reg2,BW_PP,fixed_cost,5472000.0
191,2024,reg2,BW_PP,fixed_cost,5472000.0
192,2025,reg2,BW_PP,fixed_cost,5472000.0
193,2026,reg2,BW_PP,fixed_cost,5472000.0
194,2027,reg2,BW_PP,fixed_cost,5472000.0
195,2028,reg2,BW_PP,fixed_cost,5472000.0
196,2029,reg2,BW_PP,fixed_cost,5472000.0
197,2030,reg2,BW_PP,fixed_cost,5472000.0
198,2020,reg2,Elec_distribution,fixed_cost,0.0
199,2021,reg2,Elec_distribution,fixed_cost,0.0
200,2022,reg2,Elec_distribution,fixed_cost,0.0
201,2023,reg2,Elec_distribution,fixed_cost,0.0
202,2024,reg2,Elec_distribution,fixed_cost,0.0
203,2025,reg2,Elec_distribution,fixed_cost,0.0
204,2026,reg2,Elec_distribution,fixed_cost,0.0
205,2027,reg2,Elec_distribution,fixed_cost,0.0
206,2028,reg2,Elec_distribution,fixed_cost,0.0
207,2029,reg2,Elec_distribution,fixed_cost,0.0
208,2030,reg2,Elec_distribution,fixed_cost,0.0
209,2020,reg1,Natural_gas_supply,variable_cost,0.0
210,2021,reg1,Natural_gas_supply,variable_cost,0.0
211,2022,reg1,Natural_gas_supply,variable_cost,0.0
212,2023,reg1,Natural_gas_supply,variable_cost,0.0
213,2024,reg1,Natural_gas_supply,variable_cost,5645510.324245475
214,2025,reg1,Natural_gas_supply,variable_cost,8322128.032738967
215,2026,reg1,Natural_gas_supply,variable_cost,17786832.374563385
216,2027,reg1,Natural_gas_supply,variable_cost,23506216.178940807
217,2028,reg1,Natural_gas_supply,variable_cost,38721350.85768337
218,2029,reg1,Natural_gas_supply,variable_cost,67702745.95369597
219,2030,reg1,Natural_gas_supply,variable_cost,130040407.42001902
220,2020,reg1,Oil_supply,variable_cost,226076465.42420787
221,2021,reg1,Oil_supply,variable_cost,120079091.19711469
222,2022,reg1,Oil_supply,variable_cost,142584649.27071348
223,2023,reg1,Oil_supply,variable_cost,172096530.3657307
224,2024,reg1,Oil_supply,variable_cost,191395329.9310272
225,2025,reg1,Oil_supply,variable_cost,180243463.69811237
226,2026,reg1,Oil_supply,variable_cost,184368554.37547866
227,2027,reg1,Oil_supply,variable_cost,188178618.60876334
228,2028,reg1,Oil_supply,variable_cost,197511082.87519768
229,2029,reg1,Oil_supply,variable_cost,228876327.2257968
230,2030,reg1,Oil_supply,variable_cost,336552702.0145231
231,2020,reg1,PV_PP,variable_cost,0.0
232,2021,reg1,PV_PP,variable_cost,0.0
233,2022,reg1,PV_PP,variable_cost,0.0
234,2023,reg1,PV_PP,variable_cost,0.0
235,2024,reg1,PV_PP,variable_cost,0.0
236,2025,reg1,PV_PP,variable_cost,0.0
237,2026,reg1,PV_PP,variable_cost,0.0
238,2027,reg1,PV_PP,variable_cost,0.0
239,2028,reg1,PV_PP,variable_cost,0.0
240,2029,reg1,PV_PP,variable_cost,0.0
241,2030,reg1,PV_PP,variable_cost,0.0
242,2020,reg1,Wind_PP,variable_cost,0.0
243,2021,reg1,Wind_PP,variable_cost,0.0
244,2022,reg1,Wind_PP,variable_cost,0.0
245,2023,reg1,Wind_PP,variable_cost,0.0
246,2024,reg1,Wind_PP,variable_cost,0.0
247,2025,reg1,Wind_PP,variable_cost,0.0
248,2026,reg1,Wind_PP,variable_cost,0.0
249,2027,reg1,Wind_PP,variable_cost,0.0
250,2028,reg1,Wind_PP,variable_cost,0.0
251,2029,reg1,Wind_PP,variable_cost,0.0
252,2030,reg1,Wind_PP,variable_cost,0.0
253,2020,reg1,Hydro_PP,variable_cost,326071.1935907749
254,2021,reg1,Hydro_PP,variable_cost,326071.1935907749
255,2022,reg1,Hydro_PP,variable_cost,326071.1935907749
256,2023,reg1,Hydro_PP,variable_cost,326071.1935907749
257,2024,reg1,Hydro_PP,variable_cost,326071.1935907749
258,2025,reg1,Hydro_PP,variable_cost,326071.1935907749
259,2026,reg1,Hydro_PP,variable_cost,326071.1935907749
260,2027,reg1,Hydro_PP,variable_cost,326071.1935907749
261,2028,reg1,Hydro_PP,variable_cost,318176.74852202006
262,2029,reg1,Hydro_PP,variable_cost,326071.1935907749
263,2030,reg1,Hydro_PP,variable_cost,326071.1935907749
264,2020,reg1,HFO_PP,variable_cost,17957496.050106663
265,2021,reg1,HFO_PP,variable_cost,9538010.963797074
266,2022,reg1,HFO_PP,variable_cost,11325651.572268926
267,2023,reg1,HFO_PP,variable_cost,13669811.930582112
268,2024,reg1,HFO_PP,variable_cost,15202736.27242076
269,2025,reg1,HFO_PP,variable_cost,14316931.58039711
270,2026,reg1,HFO_PP,variable_cost,14644591.95586406
271,2027,reg1,HFO_PP,variable_cost,14947229.443103082
272,2028,reg1,HFO_PP,variable_cost,15688517.086148089
273,2029,reg1,HFO_PP,variable_cost,18179892.07504688
274,2030,reg1,HFO_PP,variable_cost,26732741.97620829
275,2020,reg1,OCGT_PP,variable_cost,0.0
276,2021,reg1,OCGT_PP,variable_cost,0.0
277,2022,reg1,OCGT_PP,variable_cost,0.0
278,2023,reg1,OCGT_PP,variable_cost,0.0
279,2024,reg1,OCGT_PP,variable_cost,371409.438831611
280,2025,reg1,OCGT_PP,variable_cost,547500.0
281,2026,reg1,OCGT_PP,variable_cost,1170168.3375650258
282,2027,reg1,OCGT_PP,variable_cost,1546437.7990030097
283,2028,reg1,OCGT_PP,variable_cost,2547418.101617977
284,2029,reg1,OCGT_PP,variable_cost,4454059.498222959
285,2030,reg1,OCGT_PP,variable_cost,8555158.341997787
286,2020,reg1,Elec_distribution,variable_cost,0.0
287,2021,reg1,Elec_distribution,variable_cost,0.0
288,2022,reg1,Elec_distribution,variable_cost,0.0
289,2023,reg1,Elec_distribution,variable_cost,0.0
290,2024,reg1,Elec_distribution,variable_cost,0.0
291,2025,reg1,Elec_distribution,variable_cost,0.0
292,2026,reg1,Elec_distribution,variable_cost,0.0
293,2027,reg1,Elec_distribution,variable_cost,0.0
294,2028,reg1,Elec_distribution,variable_cost,0.0
295,2029,reg1,Elec_distribution,variable_cost,0.0
296,2030,reg1,Elec_distribution,variable_cost,0.0
297,2020,reg2,Oil_supply,variable_cost,0.0
298,2021,reg2,Oil_supply,variable_cost,0.0
299,2022,reg2,Oil_supply,variable_cost,0.0
300,2023,reg2,Oil_supply,variable_cost,0.0
301,2024,reg2,Oil_supply,variable_cost,8087515.151515152
302,2025,reg2,Oil_supply,variable_cost,9085720.464198653
303,2026,reg2,Oil_supply,variable_cost,11317424.0926989
304,2027,reg2,Oil_supply,variable_cost,12131272.727272728
305,2028,reg2,Oil_supply,variable_cost,12131272.727272728
306,2029,reg2,Oil_supply,variable_cost,12131272.727272728
307,2030,reg2,Oil_supply,variable_cost,15767902.321952773
308,2020,reg2,Natural_gas_supply,variable_cost,0.0
309,2021,reg2,Natural_gas_supply,variable_cost,0.0
310,2022,reg2,Natural_gas_supply,variable_cost,0.0
311,2023,reg2,Natural_gas_supply,variable_cost,0.0
312,2024,reg2,Natural_gas_supply,variable_cost,0.0
313,2025,reg2,Natural_gas_supply,variable_cost,0.0
314,2026,reg2,Natural_gas_supply,variable_cost,0.0
315,2027,reg2,Natural_gas_supply,variable_cost,0.0
316,2028,reg2,Natural_gas_supply,variable_cost,0.0
317,2029,reg2,Natural_gas_supply,variable_cost,0.0
318,2030,reg2,Natural_gas_supply,variable_cost,0.0
319,2020,reg2,Biomass_waste_supply,variable_cost,0.0
320,2021,reg2,Biomass_waste_supply,variable_cost,0.0
321,2022,reg2,Biomass_waste_supply,variable_cost,0.0
322,2023,reg2,Biomass_waste_supply,variable_cost,0.0
323,2024,reg2,Biomass_waste_supply,variable_cost,0.0
324,2025,reg2,Biomass_waste_supply,variable_cost,4047271.753821025
325,2026,reg2,Biomass_waste_supply,variable_cost,3583483.9763383316
326,2027,reg2,Biomass_waste_supply,variable_cost,3089330.799337557
327,2028,reg2,Biomass_waste_supply,variable_cost,2684287.6492024995
328,2029,reg2,Biomass_waste_supply,variable_cost,2552527.1091351574
329,2030,reg2,Biomass_waste_supply,variable_cost,2785104.300825057
330,2020,reg2,Geo_PP,variable_cost,0.0
331,2021,reg2,Geo_PP,variable_cost,0.0
332,2022,reg2,Geo_PP,variable_cost,0.0
333,2023,reg2,Geo_PP,variable_cost,0.0
334,2024,reg2,Geo_PP,variable_cost,0.0
335,2025,reg2,Geo_PP,variable_cost,0.0
336,2026,reg2,Geo_PP,variable_cost,0.0
337,2027,reg2,Geo_PP,variable_cost,0.0
338,2028,reg2,Geo_PP,variable_cost,0.0
339,2029,reg2,Geo_PP,variable_cost,0.0
340,2030,reg2,Geo_PP,variable_cost,0.0
341,2020,reg2,PV_PP,variable_cost,0.0
342,2021,reg2,PV_PP,variable_cost,0.0
343,2022,reg2,PV_PP,variable_cost,0.0
344,2023,reg2,PV_PP,variable_cost,0.0
345,2024,reg2,PV_PP,variable_cost,0.0
346,2025,reg2,PV_PP,variable_cost,0.0
347,2026,reg2,PV_PP,variable_cost,0.0
348,2027,reg2,PV_PP,variable_cost,0.0
349,2028,reg2,PV_PP,variable_cost,0.0
350,2029,reg2,PV_PP,variable_cost,0.0
351,2030,reg2,PV_PP,variable_cost,0.0
352,2020,reg2,Wind_PP,variable_cost,0.0
353,2021,reg2,Wind_PP,variable_cost,0.0
354,2022,reg2,Wind_PP,variable_cost,0.0
355,2023,reg2,Wind_PP,variable_cost,0.0
356,2024,reg2,Wind_PP,variable_cost,0.0
357,2025,reg2,Wind_PP,variable_cost,0.0
358,2026,reg2,Wind_PP,variable_cost,0.0
359,2027,reg2,Wind_PP,variable_cost,0.0
360,2028,reg2,Wind_PP,variable_cost,0.0
361,2029,reg2,Wind_PP,variable_cost,0.0
362,2030,reg2,Wind_PP,variable_cost,0.0
363,2020,reg2,Hydro_PP,variable_cost,426740.75100324966
364,2021,reg2,Hydro_PP,variable_cost,667077.7529728587
365,2022,reg2,Hydro_PP,variable_cost,926105.7063692503
366,2023,reg2,Hydro_PP,variable_cost,1153354.3227486648
367,2024,reg2,Hydro_PP,variable_cost,1356012.7088635508
368,2025,reg2,Hydro_PP,variable_cost,1381926.9734819247
369,2026,reg2,Hydro_PP,variable_cost,1348877.8432485284
370,2027,reg2,Hydro_PP,variable_cost,1203948.657502472
371,2028,reg2,Hydro_PP,variable_cost,1168496.4898061566
372,2029,reg2,Hydro_PP,variable_cost,1176611.995074263
373,2030,reg2,Hydro_PP,variable_cost,1415108.627663634
374,2020,reg2,HFO_PP,variable_cost,0.0
375,2021,reg2,HFO_PP,variable_cost,0.0
376,2022,reg2,HFO_PP,variable_cost,0.0
377,2023,reg2,HFO_PP,variable_cost,0.0
378,2024,reg2,HFO_PP,variable_cost,642400.0
379,2025,reg2,HFO_PP,variable_cost,721688.5182722344
380,2026,reg2,HFO_PP,variable_cost,898955.1303391029
381,2027,reg2,HFO_PP,variable_cost,963600.0
382,2028,reg2,HFO_PP,variable_cost,963600.0
383,2029,reg2,HFO_PP,variable_cost,963600.0
384,2030,reg2,HFO_PP,variable_cost,1252461.3879362924
385,2020,reg2,OCGT_PP,variable_cost,0.0
386,2021,reg2,OCGT_PP,variable_cost,0.0
387,2022,reg2,OCGT_PP,variable_cost,0.0
388,2023,reg2,OCGT_PP,variable_cost,0.0
389,2024,reg2,OCGT_PP,variable_cost,0.0
390,2025,reg2,OCGT_PP,variable_cost,0.0
391,2026,reg2,OCGT_PP,variable_cost,0.0
392,2027,reg2,OCGT_PP,variable_cost,0.0
393,2028,reg2,OCGT_PP,variable_cost,0.0
394,2029,reg2,OCGT_PP,variable_cost,0.0
395,2030,reg2,OCGT_PP,variable_cost,0.0
396,2020,reg2,BW_PP,variable_cost,0.0
397,2021,reg2,BW_PP,variable_cost,0.0
398,2022,reg2,BW_PP,variable_cost,0.0
399,2023,reg2,BW_PP,variable_cost,0.0
400,2024,reg2,BW_PP,variable_cost,0.0
401,2025,reg2,BW_PP,variable_cost,1038799.7501473965
402,2026,reg2,BW_PP,variable_cost,919760.8872601718
403,2027,reg2,BW_PP,variable_cost,792928.2384966396
404,2028,reg2,BW_PP,variable_cost,688967.1632953084
405,2029,reg2,BW_PP,variable_cost,655148.6246780237
406,2030,reg2,BW_PP,variable_cost,714843.4372117647
407,2020,reg2,Elec_distribution,variable_cost,0.0
408,2021,reg2,Elec_distribution,variable_cost,0.0
409,2022,reg2,Elec_distribution,variable_cost,0.0
410,2023,reg2,Elec_distribution,variable_cost,0.0
411,2024,reg2,Elec_distribution,variable_cost,0.0
412,2025,reg2,Elec_distribution,variable_cost,0.0
413,2026,reg2,Elec_distribution,variable_cost,0.0
414,2027,reg2,Elec_distribution,variable_cost,0.0
415,2028,reg2,Elec_distribution,variable_cost,0.0
416,2029,reg2,Elec_distribution,variable_cost,0.0
417,2030,reg2,Elec_distribution,variable_cost,0.0
418,2020,reg1,Natural_gas_supply,fix_tax_cost,0.0
419,2021,reg1,Natural_gas_supply,fix_tax_cost,0.0
420,2022,reg1,Natural_gas_supply,fix_tax_cost,0.0
421,2023,reg1,Natural_gas_supply,fix_tax_cost,0.0
422,2024,reg1,Natural_gas_supply,fix_tax_cost,0.0
423,2025,reg1,Natural_gas_supply,fix_tax_cost,0.0
424,2026,reg1,Natural_gas_supply,fix_tax_cost,0.0
425,2027,reg1,Natural_gas_supply,fix_tax_cost,0.0
426,2028,reg1,Natural_gas_supply,fix_tax_cost,0.0
427,2029,reg1,Natural_gas_supply,fix_tax_cost,0.0
428,2030,reg1,Natural_gas_supply,fix_tax_cost,0.0
429,2020,reg1,Oil_supply,fix_tax_cost,0.0
430,2021,reg1,Oil_supply,fix_tax_cost,0.0
431,2022,reg1,Oil_supply,fix_tax_cost,0.0
432,2023,reg1,Oil_supply,fix_tax_cost,0.0
433,2024,reg1,Oil_supply,fix_tax_cost,0.0
434,2025,reg1,Oil_supply,fix_tax_cost,0.0
435,2026,reg1,Oil_supply,fix_tax_cost,0.0
436,2027,reg1,Oil_supply,fix_tax_cost,0.0
437,2028,reg1,Oil_supply,fix_tax_cost,0.0
438,2029,reg1,Oil_supply,fix_tax_cost,0.0
439,2030,reg1,Oil_supply,fix_tax_cost,0.0
440,2020,reg1,PV_PP,fix_tax_cost,0.0
441,2021,reg1,PV_PP,fix_tax_cost,0.0
442,2022,reg1,PV_PP,fix_tax_cost,0.0
443,2023,reg1,PV_PP,fix_tax_cost,0.0
444,2024,reg1,PV_PP,fix_tax_cost,0.0
445,2025,reg1,PV_PP,fix_tax_cost,0.0
446,2026,reg1,PV_PP,fix_tax_cost,0.0
447,2027,reg1,PV_PP,fix_tax_cost,0.0
448,2028,reg1,PV_PP,fix_tax_cost,0.0
449,2029,reg1,PV_PP,fix_tax_cost,0.0
450,2030,reg1,PV_PP,fix_tax_cost,0.0
451,2020,reg1,Wind_PP,fix_tax_cost,0.0
452,2021,reg1,Wind_PP,fix_tax_cost,0.0
453,2022,reg1,Wind_PP,fix_tax_cost,0.0
454,2023,reg1,Wind_PP,fix_tax_cost,0.0
455,2024,reg1,Wind_PP,fix_tax_cost,0.0
456,2025,reg1,Wind_PP,fix_tax_cost,0.0
457,2026,reg1,Wind_PP,fix_tax_cost,0.0
458,2027,reg1,Wind_PP,fix_tax_cost,0.0
459,2028,reg1,Wind_PP,fix_tax_cost,0.0
460,2029,reg1,Wind_PP,fix_tax_cost,0.0
461,2030,reg1,Wind_PP,fix_tax_cost,0.0
462,2020,reg1,Hydro_PP,fix_tax_cost,0.0
463,2021,reg1,Hydro_PP,fix_tax_cost,0.0
464,2022,reg1,Hydro_PP,fix_tax_cost,0.0
465,2023,reg1,Hydro_PP,fix_tax_cost,0.0
466,2024,reg1,Hydro_PP,fix_tax_cost,0.0
467,2025,reg1,Hydro_PP,fix_tax_cost,0.0
468,2026,reg1,Hydro_PP,fix_tax_cost,0.0
469,2027,reg1,Hydro_PP,fix_tax_cost,0.0
470,2028,reg1,Hydro_PP,fix_tax_cost,0.0
471,2029,reg1,Hydro_PP,fix_tax_cost,0.0
472,2030,reg1,Hydro_PP,fix_tax_cost,0.0
473,2020,reg1,HFO_PP,fix_tax_cost,0.0
474,2021,reg1,HFO_PP,fix_tax_cost,0.0
475,2022,reg1,HFO_PP,fix_tax_cost,0.0
476,2023,reg1,HFO_PP,fix_tax_cost,0.0
477,2024,reg1,HFO_PP,fix_tax_cost,0.0
478,2025,reg1,HFO_PP,fix_tax_cost,0.0
479,2026,reg1,HFO_PP,fix_tax_cost,0.0
480,2027,reg1,HFO_PP,fix_tax_cost,0.0
481,2028,reg1,HFO_PP,fix_tax_cost,0.0
482,2029,reg1,HFO_PP,fix_tax_cost,0.0
483,2030,reg1,HFO_PP,fix_tax_cost,0.0
484,2020,reg1,OCGT_PP,fix_tax_cost,0.0
485,2021,reg1,OCGT_PP,fix_tax_cost,0.0
486,2022,reg1,OCGT_PP,fix_tax_cost,0.0
487,2023,reg1,OCGT_PP,fix_tax_cost,0.0
488,2024,reg1,OCGT_PP,fix_tax_cost,0.0
489,2025,reg1,OCGT_PP,fix_tax_cost,0.0
490,2026,reg1,OCGT_PP,fix_tax_cost,0.0
491,2027,reg1,OCGT_PP,fix_tax_cost,0.0
492,2028,reg1,OCGT_PP,fix_tax_cost,0.0
493,2029,reg1,OCGT_PP,fix_tax_cost,0.0
494,2030,reg1,OCGT_PP,fix_tax_cost,0.0
495,2020,reg1,Elec_distribution,fix_tax_cost,0.0
496,2021,reg1,Elec_distribution,fix_tax_cost,0.0
497,2022,reg1,Elec_distribution,fix_tax_cost,0.0
498,2023,reg1,Elec_distribution,fix_tax_cost,0.0
499,2024,reg1,Elec_distribution,fix_tax_cost,0.0
500,2025,reg1,Elec_distribution,fix_tax_cost,0.0
501,2026,reg1,Elec_distribution,fix_tax_cost,0.0
502,2027,reg1,Elec_distribution,fix_tax_cost,0.0
503,2028,reg1,Elec_distribution,fix_tax_cost,0.0
504,2029,reg1,Elec_distribution,fix_tax_cost,0.0
505,2030,reg1,Elec_distribution,fix_tax_cost,0.0
506,2020,reg2,Oil_supply,fix_tax_cost,0.0
507,2021,reg2,Oil_supply,fix_tax_cost,0.0
508,2022,reg2,Oil_supply,fix_tax_cost,0.0
509,2023,reg2,Oil_supply,fix_tax_cost,0.0
510,2024,reg2,Oil_supply,fix_tax_cost,0.0
511,2025,reg2,Oil_supply,fix_tax_cost,0.0
512,2026,reg2,Oil_supply,fix_tax_cost,0.0
513,2027,reg2,Oil_supply,fix_tax_cost,0.0
514,2028,reg2,Oil_supply,fix_tax_cost,0.0
515,2029,reg2,Oil_supply,fix_tax_cost,0.0
516,2030,reg2,Oil_supply,fix_tax_cost,0.0
517,2020,reg2,Natural_gas_supply,fix_tax_cost,0.0
518,2021,reg2,Natural_gas_supply,fix_tax_cost,0.0
519,2022,reg2,Natural_gas_supply,fix_tax_cost,0.0
520,2023,reg2,Natural_gas_supply,fix_tax_cost,0.0
521,2024,reg2,Natural_gas_supply,fix_tax_cost,0.0
522,2025,reg2,Natural_gas_supply,fix_tax_cost,0.0
523,2026,reg2,Natural_gas_supply,fix_tax_cost,0.0
524,2027,reg2,Natural_gas_supply,fix_tax_cost,0.0
525,2028,reg2,Natural_gas_supply,fix_tax_cost,0.0
526,2029,reg2,Natural_gas_supply,fix_tax_cost,0.0
527,2030,reg2,Natural_gas_supply,fix_tax_cost,0.0
528,2020,reg2,Biomass_waste_supply,fix_tax_cost,0.0
529,2021,reg2,Biomass_waste_supply,fix_tax_cost,0.0
530,2022,reg2,Biomass_waste_supply,fix_tax_cost,0.0
531,2023,reg2,Biomass_waste_supply,fix_tax_cost,0.0
532,2024,reg2,Biomass_waste_supply,fix_tax_cost,0.0
533,2025,reg2,Biomass_waste_supply,fix_tax_cost,0.0
534,2026,reg2,Biomass_waste_supply,fix_tax_cost,0.0
535,2027,reg2,Biomass_waste_supply,fix_tax_cost,0.0
536,2028,reg2,Biomass_waste_supply,fix_tax_cost,0.0
537,2029,reg2,Biomass_waste_supply,fix_tax_cost,0.0
538,2030,reg2,Biomass_waste_supply,fix_tax_cost,0.0
539,2020,reg2,Geo_PP,fix_tax_cost,0.0
540,2021,reg2,Geo_PP,fix_tax_cost,0.0
541,2022,reg2,Geo_PP,fix_tax_cost,0.0
542,2023,reg2,Geo_PP,fix_tax_cost,0.0
543,2024,reg2,Geo_PP,fix_tax_cost,0.0
544,2025,reg2,Geo_PP,fix_tax_cost,0.0
545,2026,reg2,Geo_PP,fix_tax_cost,0.0
546,2027,reg2,Geo_PP,fix_tax_cost,0.0
547,2028,reg2,Geo_PP,fix_tax_cost,0.0
548,2029,reg2,Geo_PP,fix_tax_cost,0.0
549,2030,reg2,Geo_PP,fix_tax_cost,0.0
550,2020,reg2,PV_PP,fix_tax_cost,0.0
551,2021,reg2,PV_PP,fix_tax_cost,0.0
552,2022,reg2,PV_PP,fix_tax_cost,0.0
553,2023,reg2,PV_PP,fix_tax_cost,0.0
554,2024,reg2,PV_PP,fix_tax_cost,0.0
555,2025,reg2,PV_PP,fix_tax_cost,0.0
556,2026,reg2,PV_PP,fix_tax_cost,0.0
557,2027,reg2,PV_PP,fix_tax_cost,0.0
558,2028,reg2,PV_PP,fix_tax_cost,0.0
559,2029,reg2,PV_PP,fix_tax_cost,0.0
560,2030,reg2,PV_PP,fix_tax_cost,0.0
561,2020,reg2,Wind_PP,fix_tax_cost,0.0
562,2021,reg2,Wind_PP,fix_tax_cost,0.0
563,2022,reg2,Wind_PP,fix_tax_cost,0.0
564,2023,reg2,Wind_PP,fix_tax_cost,0.0
565,2024,reg2,Wind_PP,fix_tax_cost,0.0
566,2025,reg2,Wind_PP,fix_tax_cost,0.0
567,2026,reg2,Wind_PP,fix_tax_cost,0.0
568,2027,reg2,Wind_PP,fix_tax_cost,0.0
569,2028,reg2,Wind_PP,fix_tax_cost,0.0
570,2029,reg2,Wind_PP,fix_tax_cost,0.0
571,2030,reg2,Wind_PP,fix_tax_cost,0.0
572,2020,reg2,Hydro_PP,fix_tax_cost,0.0
573,2021,reg2,Hydro_PP,fix_tax_cost,0.0
574,2022,reg2,Hydro_PP,fix_tax_cost,0.0
575,2023,reg2,Hydro_PP,fix_tax_cost,0.0
576,2024,reg2,Hydro_PP,fix_tax_cost,0.0
577,2025,reg2,Hydro_PP,fix_tax_cost,0.0
578,2026,reg2,Hydro_PP,fix_tax_cost,0.0
579,2027,reg2,Hydro_PP,fix_tax_cost,0.0
580,2028,reg2,Hydro_PP,fix_tax_cost,0.0
581,2029,reg2,Hydro_PP,fix_tax_cost,0.0
582,2030,reg2,Hydro_PP,fix_tax_cost,0.0
583,2020,reg2,HFO_PP,fix_tax_cost,0.0
584,2021,reg2,HFO_PP,fix_tax_cost,0.0
585,2022,reg2,HFO_PP,fix_tax_cost,0.0
586,2023,reg2,HFO_PP,fix_tax_cost,0.0
587,2024,reg2,HFO_PP,fix_tax_cost,0.0
588,2025,reg2,HFO_PP,fix_tax_cost,0.0
589,2026,reg2,HFO_PP,fix_tax_cost,0.0
590,2027,reg2,HFO_PP,fix_tax_cost,0.0
591,2028,reg2,HFO_PP,fix_tax_cost,0.0
592,2029,reg2,HFO_PP,fix_tax_cost,0.0
593,2030,reg2,HFO_PP,fix_tax_cost,0.0
594,2020,reg2,OCGT_PP,fix_tax_cost,0.0
595,2021,reg2,OCGT_PP,fix_tax_cost,0.0
596,2022,reg2,OCGT_PP,fix_tax_cost,0.0
597,2023,reg2,OCGT_PP,fix_tax_cost,0.0
598,2024,reg2,OCGT_PP,fix_tax_cost,0.0
599,2025,reg2,OCGT_PP,fix_tax_cost,0.0
600,2026,reg2,OCGT_PP,fix_tax_cost,0.0
601,2027,reg2,OCGT_PP,fix_tax_cost,0.0
602,2028,reg2,OCGT_PP,fix_tax_cost,0.0
603,2029,reg2,OCGT_PP,fix_tax_cost,0.0
604,2030,reg2,OCGT_PP,fix_tax_cost,0.0
605,2020,reg2,BW_PP,fix_tax_cost,0.0
606,2021,reg2,BW_PP,fix_tax_cost,0.0
607,2022,reg2,BW_PP,fix_tax_cost,0.0
608,2023,reg2,BW_PP,fix_tax_cost,0.0
609,2024,reg2,BW_PP,fix_tax_cost,0.0
610,2025,reg2,BW_PP,fix_tax_cost,0.0
611,2026,reg2,BW_PP,fix_tax_cost,0.0
612,2027,reg2,BW_PP,fix_tax_cost,0.0
613,2028,reg2,BW_PP,fix_tax_cost,0.0
614,2029,reg2,BW_PP,fix_tax_cost,0.0
615,2030,reg2,BW_PP,fix_tax_cost,0.0
616,2020,reg2,Elec_distribution,fix_tax_cost,0.0
617,2021,reg2,Elec_distribution,fix_tax_cost,0.0
618,2022,reg2,Elec_distribution,fix_tax_cost,0.0
619,2023,reg2,Elec_distribution,fix_tax_cost,0.0
620,2024,reg2,Elec_distribution,fix_tax_cost,0.0
621,2025,reg2,Elec_distribution,fix_tax_cost,0.0
622,2026,reg2,Elec_distribution,fix_tax_cost,0.0
623,2027,reg2,Elec_distribution,fix_tax_cost,0.0
624,2028,reg2,Elec_distribution,fix_tax_cost,0.0
625,2029,reg2,Elec_distribution,fix_tax_cost,0.0
626,2030,reg2,Elec_distribution,fix_tax_cost,0.0
627,2020,reg1,Natural_gas_supply,fix_sub_cost,0.0
628,2021,reg1,Natural_gas_supply,fix_sub_cost,0.0
629,2022,reg1,Natural_gas_supply,fix_sub_cost,0.0
630,2023,reg1,Natural_gas_supply,fix_sub_cost,0.0
631,2024,reg1,Natural_gas_supply,fix_sub_cost,0.0
632,2025,reg1,Natural_gas_supply,fix_sub_cost,0.0
633,2026,reg1,Natural_gas_supply,fix_sub_cost,0.0
634,2027,reg1,Natural_gas_supply,fix_sub_cost,0.0
635,2028,reg1,Natural_gas_supply,fix_sub_cost,0.0
636,2029,reg1,Natural_gas_supply,fix_sub_cost,0.0
637,2030,reg1,Natural_gas_supply,fix_sub_cost,0.0
638,2020,reg1,Oil_supply,fix_sub_cost,0.0
639,2021,reg1,Oil_supply,fix_sub_cost,0.0
640,2022,reg1,Oil_supply,fix_sub_cost,0.0
641,2023,reg1,Oil_supply,fix_sub_cost,0.0
642,2024,reg1,Oil_supply,fix_sub_cost,0.0
643,2025,reg1,Oil_supply,fix_sub_cost,0.0
644,2026,reg1,Oil_supply,fix_sub_cost,0.0
645,2027,reg1,Oil_supply,fix_sub_cost,0.0
646,2028,reg1,Oil_supply,fix_sub_cost,0.0
647,2029,reg1,Oil_supply,fix_sub_cost,0.0
648,2030,reg1,Oil_supply,fix_sub_cost,0.0
649,2020,reg1,PV_PP,fix_sub_cost,0.0
650,2021,reg1,PV_PP,fix_sub_cost,0.0
651,2022,reg1,PV_PP,fix_sub_cost,0.0
652,2023,reg1,PV_PP,fix_sub_cost,0.0
653,2024,reg1,PV_PP,fix_sub_cost,0.0
654,2025,reg1,PV_PP,fix_sub_cost,0.0
655,2026,reg1,PV_PP,fix_sub_cost,0.0
656,2027,reg1,PV_PP,fix_sub_cost,0.0
657,2028,reg1,PV_PP,fix_sub_cost,0.0
658,2029,reg1,PV_PP,fix_sub_cost,0.0
659,2030,reg1,PV_PP,fix_sub_cost,0.0
660,2020,reg1,Wind_PP,fix_sub_cost,0.0
661,2021,reg1,Wind_PP,fix_sub_cost,0.0
662,2022,reg1,Wind_PP,fix_sub_cost,0.0
663,2023,reg1,Wind_PP,fix_sub_cost,0.0
664,2024,reg1,Wind_PP,fix_sub_cost,0.0
665,2025,reg1,Wind_PP,fix_sub_cost,0.0
666,2026,reg1,Wind_PP,fix_sub_cost,0.0
667,2027,reg1,Wind_PP,fix_sub_cost,0.0
668,2028,reg1,Wind_PP,fix_sub_cost,0.0
669,2029,reg1,Wind_PP,fix_sub_cost,0.0
670,2030,reg1,Wind_PP,fix_sub_cost,0.0
671,2020,reg1,Hydro_PP,fix_sub_cost,0.0
672,2021,reg1,Hydro_PP,fix_sub_cost,0.0
673,2022,reg1,Hydro_PP,fix_sub_cost,0.0
674,2023,reg1,Hydro_PP,fix_sub_cost,0.0
675,2024,reg1,Hydro_PP,fix_sub_cost,0.0
676,2025,reg1,Hydro_PP,fix_sub_cost,0.0
677,2026,reg1,Hydro_PP,fix_sub_cost,0.0
678,2027,reg1,Hydro_PP,fix_sub_cost,0.0
679,2028,reg1,Hydro_PP,fix_sub_cost,0.0
680,2029,reg1,Hydro_PP,fix_sub_cost,0.0
681,2030,reg1,Hydro_PP,fix_sub_cost,0.0
682,2020,reg1,HFO_PP,fix_sub_cost,0.0
683,2021,reg1,HFO_PP,fix_sub_cost,0.0
684,2022,reg1,HFO_PP,fix_sub_cost,0.0
685,2023,reg1,HFO_PP,fix_sub_cost,0.0
686,2024,reg1,HFO_PP,fix_sub_cost,0.0
687,2025,reg1,HFO_PP,fix_sub_cost,0.0
688,2026,reg1,HFO_PP,fix_sub_cost,0.0
689,2027,reg1,HFO_PP,fix_sub_cost,0.0
690,2028,reg1,HFO_PP,fix_sub_cost,0.0
691,2029,reg1,HFO_PP,fix_sub_cost,0.0
692,2030,reg1,HFO_PP,fix_sub_cost,0.0
693,2020,reg1,OCGT_PP,fix_sub_cost,0.0
694,2021,reg1,OCGT_PP,fix_sub_cost,0.0
695,2022,reg1,OCGT_PP,fix_sub_cost,0.0
696,2023,reg1,OCGT_PP,fix_sub_cost,0.0
697,2024,reg1,OCGT_PP,fix_sub_cost,0.0
698,2025,reg1,OCGT_PP,fix_sub_cost,0.0
699,2026,reg1,OCGT_PP,fix_sub_cost,0.0
700,2027,reg1,OCGT_PP,fix_sub_cost,0.0
701,2028,reg1,OCGT_PP,fix_sub_cost,0.0
702,2029,reg1,OCGT_PP,fix_sub_cost,0.0
703,2030,reg1,OCGT_PP,fix_sub_cost,0.0
704,2020,reg1,Elec_distribution,fix_sub_cost,0.0
705,2021,reg1,Elec_distribution,fix_sub_cost,0.0
706,2022,reg1,Elec_distribution,fix_sub_cost,0.0
707,2023,reg1,Elec_distribution,fix_sub_cost,0.0
708,2024,reg1,Elec_distribution,fix_sub_cost,0.0
709,2025,reg1,Elec_distribution,fix_sub_cost,0.0
710,2026,reg1,Elec_distribution,fix_sub_cost,0.0
711,2027,reg1,Elec_distribution,fix_sub_cost,0.0
712,2028,reg1,Elec_distribution,fix_sub_cost,0.0
713,2029,reg1,Elec_distribution,fix_sub_cost,0.0
714,2030,reg1,Elec_distribution,fix_sub_cost,0.0
715,2020,reg2,Oil_supply,fix_sub_cost,0.0
716,2021,reg2,Oil_supply,fix_sub_cost,0.0
717,2022,reg2,Oil_supply,fix_sub_cost,0.0
718,2023,reg2,Oil_supply,fix_sub_cost,0.0
719,2024,reg2,Oil_supply,fix_sub_cost,0.0
720,2025,reg2,Oil_supply,fix_sub_cost,0.0
721,2026,reg2,Oil_supply,fix_sub_cost,0.0
722,2027,reg2,Oil_supply,fix_sub_cost,0.0
723,2028,reg2,Oil_supply,fix_sub_cost,0.0
724,2029,reg2,Oil_supply,fix_sub_cost,0.0
725,2030,reg2,Oil_supply,fix_sub_cost,0.0
726,2020,reg2,Natural_gas_supply,fix_sub_cost,0.0
727,2021,reg2,Natural_gas_supply,fix_sub_cost,0.0
728,2022,reg2,Natural_gas_supply,fix_sub_cost,0.0
729,2023,reg2,Natural_gas_supply,fix_sub_cost,0.0
730,2024,reg2,Natural_gas_supply,fix_sub_cost,0.0
731,2025,reg2,Natural_gas_supply,fix_sub_cost,0.0
732,2026,reg2,Natural_gas_supply,fix_sub_cost,0.0
733,2027,reg2,Natural_gas_supply,fix_sub_cost,0.0
734,2028,reg2,Natural_gas_supply,fix_sub_cost,0.0
735,2029,reg2,Natural_gas_supply,fix_sub_cost,0.0
736,2030,reg2,Natural_gas_supply,fix_sub_cost,0.0
737,2020,reg2,Biomass_waste_supply,fix_sub_cost,0.0
738,2021,reg2,Biomass_waste_supply,fix_sub_cost,0.0
739,2022,reg2,Biomass_waste_supply,fix_sub_cost,0.0
740,2023,reg2,Biomass_waste_supply,fix_sub_cost,0.0
741,2024,reg2,Biomass_waste_supply,fix_sub_cost,0.0
742,2025,reg2,Biomass_waste_supply,fix_sub_cost,0.0
743,2026,reg2,Biomass_waste_supply,fix_sub_cost,0.0
744,2027,reg2,Biomass_waste_supply,fix_sub_cost,0.0
745,2028,reg2,Biomass_waste_supply,fix_sub_cost,0.0
746,2029,reg2,Biomass_waste_supply,fix_sub_cost,0.0
747,2030,reg2,Biomass_waste_supply,fix_sub_cost,0.0
748,2020,reg2,Geo_PP,fix_sub_cost,0.0
749,2021,reg2,Geo_PP,fix_sub_cost,0.0
750,2022,reg2,Geo_PP,fix_sub_cost,0.0
751,2023,reg2,Geo_PP,fix_sub_cost,0.0
752,2024,reg2,Geo_PP,fix_sub_cost,0.0
753,2025,reg2,Geo_PP,fix_sub_cost,0.0
754,2026,reg2,Geo_PP,fix_sub_cost,0.0
755,2027,reg2,Geo_PP,fix_sub_cost,0.0
756,2028,reg2,Geo_PP,fix_sub_cost,0.0
757,2029,reg2,Geo_PP,fix_sub_cost,0.0
758,2030,reg2,Geo_PP,fix_sub_cost,0.0
759,2020,reg2,PV_PP,fix_sub_cost,0.0
760,2021,reg2,PV_PP,fix_sub_cost,0.0
761,2022,reg2,PV_PP,fix_sub_cost,0.0
762,2023,reg2,PV_PP,fix_sub_cost,0.0
763,2024,reg2,PV_PP,fix_sub_cost,0.0
764,2025,reg2,PV_PP,fix_sub_cost,0.0
765,2026,reg2,PV_PP,fix_sub_cost,0.0
766,2027,reg2,PV_PP,fix_sub_cost,0.0
767,2028,reg2,PV_PP,fix_sub_cost,0.0
768,2029,reg2,PV_PP,fix_sub_cost,0.0
769,2030,reg2,PV_PP,fix_sub_cost,0.0
770,2020,reg2,Wind_PP,fix_sub_cost,0.0
771,2021,reg2,Wind_PP,fix_sub_cost,0.0
772,2022,reg2,Wind_PP,fix_sub_cost,0.0
773,2023,reg2,Wind_PP,fix_sub_cost,0.0
774,2024,reg2,Wind_PP,fix_sub_cost,0.0
775,2025,reg2,Wind_PP,fix_sub_cost,0.0
776,2026,reg2,Wind_PP,fix_sub_cost,0.0
777,2027,reg2,Wind_PP,fix_sub_cost,0.0
778,2028,reg2,Wind_PP,fix_sub_cost,0.0
779,2029,reg2,Wind_PP,fix_sub_cost,0.0
780,2030,reg2,Wind_PP,fix_sub_cost,0.0
781,2020,reg2,Hydro_PP,fix_sub_cost,0.0
782,2021,reg2,Hydro_PP,fix_sub_cost,0.0
783,2022,reg2,Hydro_PP,fix_sub_cost,0.0
784,2023,reg2,Hydro_PP,fix_sub_cost,0.0
785,2024,reg2,Hydro_PP,fix_sub_cost,0.0
786,2025,reg2,Hydro_PP,fix_sub_cost,0.0
787,2026,reg2,Hydro_PP,fix_sub_cost,0.0
788,2027,reg2,Hydro_PP,fix_sub_cost,0.0
789,2028,reg2,Hydro_PP,fix_sub_cost,0.0
790,2029,reg2,Hydro_PP,fix_sub_cost,0.0
791,2030,reg2,Hydro_PP,fix_sub_cost,0.0
792,2020,reg2,HFO_PP,fix_sub_cost,0.0
793,2021,reg2,HFO_PP,fix_sub_cost,0.0
794,2022,reg2,HFO_PP,fix_sub_cost,0.0
795,2023,reg2,HFO_PP,fix_sub_cost,0.0
796,2024,reg2,HFO_PP,fix_sub_cost,0.0
797,2025,reg2,HFO_PP,fix_sub_cost,0.0
798,2026,reg2,HFO_PP,fix_sub_cost,0.0
799,2027,reg2,HFO_PP,fix_sub_cost,0.0
800,2028,reg2,HFO_PP,fix_sub_cost,0.0
801,2029,reg2,HFO_PP,fix_sub_cost,0.0
802,2030,reg2,HFO_PP,fix_sub_cost,0.0
803,2020,reg2,OCGT_PP,fix_sub_cost,0.0
804,2021,reg2,OCGT_PP,fix_sub_cost,0.0
805,2022,reg2,OCGT_PP,fix_sub_cost,0.0
806,2023,reg2,OCGT_PP,fix_sub_cost,0.0
807,2024,reg2,OCGT_PP,fix_sub_cost,0.0
808,2025,reg2,OCGT_PP,fix_sub_cost,0.0
809,2026,reg2,OCGT_PP,fix_sub_cost,0.0
810,2027,reg2,OCGT_PP,fix_sub_cost,0.0
811,2028,reg2,OCGT_PP,fix_sub_cost,0.0
812,2029,reg2,OCGT_PP,fix_sub_cost,0.0
813,2030,reg2,OCGT_PP,fix_sub_cost,0.0
814,2020,reg2,BW_PP,fix_sub_cost,0.0
815,2021,reg2,BW_PP,fix_sub_cost,0.0
816,2022,reg2,BW_PP,fix_sub_cost,0.0
817,2023,reg2,BW_PP,fix_sub_cost,0.0
818,2024,reg2,BW_PP,fix_sub_cost,0.0
819,2025,reg2,BW_PP,fix_sub_cost,0.0
820,2026,reg2,BW_PP,fix_sub_cost,0.0
821,2027,reg2,BW_PP,fix_sub_cost,0.0
822,2028,reg2,BW_PP,fix_sub_cost,0.0
823,2029,reg2,BW_PP,fix_sub_cost,0.0
824,2030,reg2,BW_PP,fix_sub_cost,0.0
825,2020,reg2,Elec_distribution,fix_sub_cost,0.0
826,2021,reg2,Elec_distribution,fix_sub_cost,0.0
827,2022,reg2,Elec_distribution,fix_sub_cost,0.0
828,2023,reg2,Elec_distribution,fix_sub_cost,0.0
829,2024,reg2,Elec_distribution,fix_sub_cost,0.0
830,2025,reg2,Elec_distribution,fix_sub_cost,0.0
831,2026,reg2,Elec_distribution,fix_sub_cost,0.0
832,2027,reg2,Elec_distribution,fix_sub_cost,0.0
833,2028,reg2,Elec_distribution,fix_sub_cost,0.0
834,2029,reg2,Elec_distribution,fix_sub_cost,0.0
835,2030,reg2,Elec_distribution,fix_sub_cost,0.0
836,2020,reg1,Natural_gas_supply,CO2_emission_cost,0.0
837,2021,reg1,Natural_gas_supply,CO2_emission_cost,0.0
838,2022,reg1,Natural_gas_supply,CO2_emission_cost,0.0
839,2023,reg1,Natural_gas_supply,CO2_emission_cost,0.0
840,2024,reg1,Natural_gas_supply,CO2_emission_cost,0.0
841,2025,reg1,Natural_gas_supply,CO2_emission_cost,0.0
842,2026,reg1,Natural_gas_supply,CO2_emission_cost,0.0
843,2027,reg1,Natural_gas_supply,CO2_emission_cost,0.0
844,2028,reg1,Natural_gas_supply,CO2_emission_cost,0.0
845,2029,reg1,Natural_gas_supply,CO2_emission_cost,0.0
846,2030,reg1,Natural_gas_supply,CO2_emission_cost,0.0
847,2020,reg1,Oil_supply,CO2_emission_cost,0.0
848,2021,reg1,Oil_supply,CO2_emission_cost,0.0
849,2022,reg1,Oil_supply,CO2_emission_cost,0.0
850,2023,reg1,Oil_supply,CO2_emission_cost,0.0
851,2024,reg1,Oil_supply,CO2_emission_cost,0.0
852,2025,reg1,Oil_supply,CO2_emission_cost,0.0
853,2026,reg1,Oil_supply,CO2_emission_cost,0.0
854,2027,reg1,Oil_supply,CO2_emission_cost,0.0
855,2028,reg1,Oil_supply,CO2_emission_cost,0.0
856,2029,reg1,Oil_supply,CO2_emission_cost,0.0
857,2030,reg1,Oil_supply,CO2_emission_cost,0.0
858,2020,reg1,PV_PP,CO2_emission_cost,0.0
859,2021,reg1,PV_PP,CO2_emission_cost,0.0
860,2022,reg1,PV_PP,CO2_emission_cost,0.0
861,2023,reg1,PV_PP,CO2_emission_cost,0.0
862,2024,reg1,PV_PP,CO2_emission_cost,0.0
863,2025,reg1,PV_PP,CO2_emission_cost,0.0
864,2026,reg1,PV_PP,CO2_emission_cost,0.0
865,2027,reg1,PV_PP,CO2_emission_cost,0.0
866,2028,reg1,PV_PP,CO2_emission_cost,0.0
867,2029,reg1,PV_PP,CO2_emission_cost,0.0
868,2030,reg1,PV_PP,CO2_emission_cost,0.0
869,2020,reg1,Wind_PP,CO2_emission_cost,0.0
870,2021,reg1,Wind_PP,CO2_emission_cost,0.0
871,2022,reg1,Wind_PP,CO2_emission_cost,0.0
872,2023,reg1,Wind_PP,CO2_emission_cost,0.0
873,2024,reg1,Wind_PP,CO2_emission_cost,0.0
874,2025,reg1,Wind_PP,CO2_emission_cost,0.0
875,2026,reg1,Wind_PP,CO2_emission_cost,0.0
876,2027,reg1,Wind_PP,CO2_emission_cost,0.0
877,2028,reg1,Wind_PP,CO2_emission_cost,0.0
878,2029,reg1,Wind_PP,CO2_emission_cost,0.0
879,2030,reg1,Wind_PP,CO2_emission_cost,0.0
880,2020,reg1,Hydro_PP,CO2_emission_cost,0.0
881,2021,reg1,Hydro_PP,CO2_emission_cost,0.0
882,2022,reg1,Hydro_PP,CO2_emission_cost,0.0
883,2023,reg1,Hydro_PP,CO2_emission_cost,0.0
884,2024,reg1,Hydro_PP,CO2_emission_cost,0.0
885,2025,reg1,Hydro_PP,CO2_emission_cost,0.0
886,2026,reg1,Hydro_PP,CO2_emission_cost,0.0
887,2027,reg1,Hydro_PP,CO2_emission_cost,0.0
888,2028,reg1,Hydro_PP,CO2_emission_cost,0.0
889,2029,reg1,Hydro_PP,CO2_emission_cost,0.0
890,2030,reg1,Hydro_PP,CO2_emission_cost,0.0
891,2020,reg1,HFO_PP,CO2_emission_cost,0.0
892,2021,reg1,HFO_PP,CO2_emission_cost,0.0
893,2022,reg1,HFO_PP,CO2_emission_cost,0.0
894,2023,reg1,HFO_PP,CO2_emission_cost,0.0
895,2024,reg1,HFO_PP,CO2_emission_cost,0.0
896,2025,reg1,HFO_PP,CO2_emission_cost,0.0
897,2026,reg1,HFO_PP,CO2_emission_cost,0.0
898,2027,reg1,HFO_PP,CO2_emission_cost,0.0
899,2028,reg1,HFO_PP,CO2_emission_cost,0.0
900,2029,reg1,HFO_PP,CO2_emission_cost,0.0
901,2030,reg1,HFO_PP,CO2_emission_cost,0.0
902,2020,reg1,OCGT_PP,CO2_emission_cost,0.0
903,2021,reg1,OCGT_PP,CO2_emission_cost,0.0
904,2022,reg1,OCGT_PP,CO2_emission_cost,0.0
905,2023,reg1,OCGT_PP,CO2_emission_cost,0.0
906,2024,reg1,OCGT_PP,CO2_emission_cost,0.0
907,2025,reg1,OCGT_PP,CO2_emission_cost,0.0
908,2026,reg1,OCGT_PP,CO2_emission_cost,0.0
909,2027,reg1,OCGT_PP,CO2_emission_cost,0.0
910,2028,reg1,OCGT_PP,CO2_emission_cost,0.0
911,2029,reg1,OCGT_PP,CO2_emission_cost,0.0
912,2030,reg1,OCGT_PP,CO2_emission_cost,0.0
913,2020,reg2,Oil_supply,CO2_emission_cost,0.0
914,2021,reg2,Oil_supply,CO2_emission_cost,0.0
915,2022,reg2,Oil_supply,CO2_emission_cost,0.0
916,2023,reg2,Oil_supply,CO2_emission_cost,0.0
917,2024,reg2,Oil_supply,CO2_emission_cost,0.0
918,2025,reg2,Oil_supply,CO2_emission_cost,0.0
919,2026,reg2,Oil_supply,CO2_emission_cost,0.0
920,2027,reg2,Oil_supply,CO2_emission_cost,0.0
921,2028,reg2,Oil_supply,CO2_emission_cost,0.0
922,2029,reg2,Oil_supply,CO2_emission_cost,0.0
923,2030,reg2,Oil_supply,CO2_emission_cost,0.0
924,2020,reg2,Natural_gas_supply,CO2_emission_cost,0.0
925,2021,reg2,Natural_gas_supply,CO2_emission_cost,0.0
926,2022,reg2,Natural_gas_supply,CO2_emission_cost,0.0
927,2023,reg2,Natural_gas_supply,CO2_emission_cost,0.0
928,2024,reg2,Natural_gas_supply,CO2_emission_cost,0.0
929,2025,reg2,Natural_gas_supply,CO2_emission_cost,0.0
930,2026,reg2,Natural_gas_supply,CO2_emission_cost,0.0
931,2027,reg2,Natural_gas_supply,CO2_emission_cost,0.0
932,2028,reg2,Natural_gas_supply,CO2_emission_cost,0.0
933,2029,reg2,Natural_gas_supply,CO2_emission_cost,0.0
934,2030,reg2,Natural_gas_supply,CO2_emission_cost,0.0
935,2020,reg2,Biomass_waste_supply,CO2_emission_cost,0.0
936,2021,reg2,Biomass_waste_supply,CO2_emission_cost,0.0
937,2022,reg2,Biomass_waste_supply,CO2_emission_cost,0.0
938,2023,reg2,Biomass_waste_supply,CO2_emission_cost,0.0
939,2024,reg2,Biomass_waste_supply,CO2_emission_cost,0.0
940,2025,reg2,Biomass_waste_supply,CO2_emission_cost,0.0
941,2026,reg2,Biomass_waste_supply,CO2_emission_cost,0.0
942,2027,reg2,Biomass_waste_supply,CO2_emission_cost,0.0
943,2028,reg2,Biomass_waste_supply,CO2_emission_cost,0.0
944,2029,reg2,Biomass_waste_supply,CO2_emission_cost,0.0
945,2030,reg2,Biomass_waste_supply,CO2_emission_cost,0.0
946,2020,reg2,Geo_PP,CO2_emission_cost,0.0
947,2021,reg2,Geo_PP,CO2_emission_cost,0.0
948,2022,reg2,Geo_PP,CO2_emission_cost,0.0
949,2023,reg2,Geo_PP,CO2_emission_cost,0.0
950,2024,reg2,Geo_PP,CO2_emission_cost,0.0
951,2025,reg2,Geo_PP,CO2_emission_cost,0.0
952,2026,reg2,Geo_PP,CO2_emission_cost,0.0
953,2027,reg2,Geo_PP,CO2_emission_cost,0.0
954,2028,reg2,Geo_PP,CO2_emission_cost,0.0
955,2029,reg2,Geo_PP,CO2_emission_cost,0.0
956,2030,reg2,Geo_PP,CO2_emission_cost,0.0
957,2020,reg2,PV_PP,CO2_emission_cost,0.0
958,2021,reg2,PV_PP,CO2_emission_cost,0.0
959,2022,reg2,PV_PP,CO2_emission_cost,0.0
960,2023,reg2,PV_PP,CO2_emission_cost,0.0
961,2024,reg2,PV_PP,CO2_emission_cost,0.0
962,2025,reg2,PV_PP,CO2_emission_cost,0.0
963,2026,reg2,PV_PP,CO2_emission_cost,0.0
964,2027,reg2,PV_PP,CO2_emission_cost,0.0
965,2028,reg2,PV_PP,CO2_emission_cost,0.0
966,2029,reg2,PV_PP,CO2_emission_cost,0.0
967,2030,reg2,PV_PP,CO2_emission_cost,0.0
968,2020,reg2,Wind_PP,CO2_emission_cost,0.0
969,2021,reg2,Wind_PP,CO2_emission_cost,0.0
970,2022,reg2,Wind_PP,CO2_emission_cost,0.0
971,2023,reg2,Wind_PP,CO2_emission_cost,0.0
972,2024,reg2,Wind_PP,CO2_emission_cost,0.0
973,2025,reg2,Wind_PP,CO2_emission_cost,0.0
974,2026,reg2,Wind_PP,CO2_emission_cost,0.0
975,2027,reg2,Wind_PP,CO2_emission_cost,0.0
976,2028,reg2,Wind_PP,CO2_emission_cost,0.0
977,2029,reg2,Wind_PP,CO2_emission_cost,0.0
978,2030,reg2,Wind_PP,CO2_emission_cost,0.0
979,2020,reg2,Hydro_PP,CO2_emission_cost,0.0
980,2021,reg2,Hydro_PP,CO2_emission_cost,0.0
981,2022,reg2,Hydro_PP,CO2_emission_cost,0.0
982,2023,reg2,Hydro_PP,CO2_emission_cost,0.0
983,2024,reg2,Hydro_PP,CO2_emission_cost,0.0
984,2025,reg2,Hydro_PP,CO2_emission_cost,0.0
985,2026,reg2,Hydro_PP,CO2_emission_cost,0.0
986,2027,reg2,Hydro_PP,CO2_emission_cost,0.0
987,2028,reg2,Hydro_PP,CO2_emission_cost,0.0
988,2029,reg2,Hydro_PP,CO2_emission_cost,0.0
989,2030,reg2,Hydro_PP,CO2_emission_cost,0.0
990,2020,reg2,HFO_PP,CO2_emission_cost,0.0
991,2021,reg2,HFO_PP,CO2_emission_cost,0.0
992,2022,reg2,HFO_PP,CO2_emission_cost,0.0
993,2023,reg2,HFO_PP,CO2_emission_cost,0.0
994,2024,reg2,HFO_PP,CO2_emission_cost,0.0
995,2025,reg2,HFO_PP,CO2_emission_cost,0.0
996,2026,reg2,HFO_PP,CO2_emission_cost,0.0
997,2027,reg2,HFO_PP,CO2_emission_cost,0.0
998,2028,reg2,HFO_PP,CO2_emission_cost,0.0
999,2029,reg2,HFO_PP,CO2_emission_cost,0.0
1000,2030,reg2,HFO_PP,CO2_emission_cost,0.0
1001,2020,reg2,OCGT_PP,CO2_emission_cost,0.0
1002,2021,reg2,OCGT_PP,CO2_emission_cost,0.0
1003,2022,reg2,OCGT_PP,CO2_emission_cost,0.0
1004,2023,reg2,OCGT_PP,CO2_emission_cost,0.0
1005,2024,reg2,OCGT_PP,CO2_emission_cost,0.0
1006,2025,reg2,OCGT_PP,CO2_emission_cost,0.0
1007,2026,reg2,OCGT_PP,CO2_emission_cost,0.0
1008,2027,reg2,OCGT_PP,CO2_emission_cost,0.0
1009,2028,reg2,OCGT_PP,CO2_emission_cost,0.0
1010,2029,reg2,OCGT_PP,CO2_emission_cost,0.0
1011,2030,reg2,OCGT_PP,CO2_emission_cost,0.0
1012,2020,reg2,BW_PP,CO2_emission_cost,0.0
1013,2021,reg2,BW_PP,CO2_emission_cost,0.0
1014,2022,reg2,BW_PP,CO2_emission_cost,0.0
1015,2023,reg2,BW_PP,CO2_emission_cost,0.0
1016,2024,reg2,BW_PP,CO2_emission_cost,0.0
1017,2025,reg2,BW_PP,CO2_emission_cost,0.0
1018,2026,reg2,BW_PP,CO2_emission_cost,0.0
1019,2027,reg2,BW_PP,CO2_emission_cost,0.0
1020,2028,reg2,BW_PP,CO2_emission_cost,0.0
1021,2029,reg2,BW_PP,CO2_emission_cost,0.0
1022,2030,reg2,BW_PP,CO2_emission_cost,0.0
1023,2020,reg1,Natural_gas_supply,decommissioning_cost,0.0
1024,2021,reg1,Natural_gas_supply,decommissioning_cost,0.0
1025,2022,reg1,Natural_gas_supply,decommissioning_cost,0.0
1026,2023,reg1,Natural_gas_supply,decommissioning_cost,0.0
1027,2024,reg1,Natural_gas_supply,decommissioning_cost,0.0
1028,2025,reg1,Natural_gas_supply,decommissioning_cost,0.0
1029,2026,reg1,Natural_gas_supply,decommissioning_cost,0.0
1030,2027,reg1,Natural_gas_supply,decommissioning_cost,0.0
1031,2028,reg1,Natural_gas_supply,decommissioning_cost,0.0
1032,2029,reg1,Natural_gas_supply,decommissioning_cost,0.0
1033,2030,reg1,Natural_gas_supply,decommissioning_cost,0.0
1034,2020,reg1,Oil_supply,decommissioning_cost,0.0
1035,2021,reg1,Oil_supply,decommissioning_cost,0.0
1036,2022,reg1,Oil_supply,decommissioning_cost,0.0
1037,2023,reg1,Oil_supply,decommissioning_cost,0.0
1038,2024,reg1,Oil_supply,decommissioning_cost,0.0
1039,2025,reg1,Oil_supply,decommissioning_cost,0.0
1040,2026,reg1,Oil_supply,decommissioning_cost,0.0
1041,2027,reg1,Oil_supply,decommissioning_cost,0.0
1042,2028,reg1,Oil_supply,decommissioning_cost,0.0
1043,2029,reg1,Oil_supply,decommissioning_cost,0.0
1044,2030,reg1,Oil_supply,decommissioning_cost,0.0
1045,2020,reg1,PV_PP,decommissioning_cost,0.0
1046,2021,reg1,PV_PP,decommissioning_cost,0.0
1047,2022,reg1,PV_PP,decommissioning_cost,0.0
1048,2023,reg1,PV_PP,decommissioning_cost,0.0
1049,2024,reg1,PV_PP,decommissioning_cost,0.0
1050,2025,reg1,PV_PP,decommissioning_cost,0.0
1051,2026,reg1,PV_PP,decommissioning_cost,0.0
1052,2027,reg1,PV_PP,decommissioning_cost,0.0
1053,2028,reg1,PV_PP,decommissioning_cost,0.0
1054,2029,reg1,PV_PP,decommissioning_cost,0.0
1055,2030,reg1,PV_PP,decommissioning_cost,0.0
1056,2020,reg1,Wind_PP,decommissioning_cost,0.0
1057,2021,reg1,Wind_PP,decommissioning_cost,0.0
1058,2022,reg1,Wind_PP,decommissioning_cost,0.0
1059,2023,reg1,Wind_PP,decommissioning_cost,0.0
1060,2024,reg1,Wind_PP,decommissioning_cost,0.0
1061,2025,reg1,Wind_PP,decommissioning_cost,0.0
1062,2026,reg1,Wind_PP,decommissioning_cost,0.0
1063,2027,reg1,Wind_PP,decommissioning_cost,0.0
1064,2028,reg1,Wind_PP,decommissioning_cost,0.0
1065,2029,reg1,Wind_PP,decommissioning_cost,0.0
1066,2030,reg1,Wind_PP,decommissioning_cost,0.0
1067,2020,reg1,Hydro_PP,decommissioning_cost,0.0
1068,2021,reg1,Hydro_PP,decommissioning_cost,0.0
1069,2022,reg1,Hydro_PP,decommissioning_cost,0.0
1070,2023,reg1,Hydro_PP,decommissioning_cost,0.0
1071,2024,reg1,Hydro_PP,decommissioning_cost,0.0
1072,2025,reg1,Hydro_PP,decommissioning_cost,0.0
1073,2026,reg1,Hydro_PP,decommissioning_cost,0.0
1074,2027,reg1,Hydro_PP,decommissioning_cost,0.0
1075,2028,reg1,Hydro_PP,decommissioning_cost,0.0
1076,2029,reg1,Hydro_PP,decommissioning_cost,0.0
1077,2030,reg1,Hydro_PP,decommissioning_cost,0.0
1078,2020,reg1,HFO_PP,decommissioning_cost,0.0
1079,2021,reg1,HFO_PP,decommissioning_cost,0.0
1080,2022,reg1,HFO_PP,decommissioning_cost,0.0
1081,2023,reg1,HFO_PP,decommissioning_cost,0.0
1082,2024,reg1,HFO_PP,decommissioning_cost,0.0
1083,2025,reg1,HFO_PP,decommissioning_cost,0.0
1084,2026,reg1,HFO_PP,decommissioning_cost,0.0
1085,2027,reg1,HFO_PP,decommissioning_cost,0.0
1086,2028,reg1,HFO_PP,decommissioning_cost,0.0
1087,2029,reg1,HFO_PP,decommissioning_cost,0.0
1088,2030,reg1,HFO_PP,decommissioning_cost,0.0
1089,2020,reg1,OCGT_PP,decommissioning_cost,0.0
1090,2021,reg1,OCGT_PP,decommissioning_cost,0.0
1091,2022,reg1,OCGT_PP,decommissioning_cost,0.0
1092,2023,reg1,OCGT_PP,decommissioning_cost,0.0
1093,2024,reg1,OCGT_PP,decommissioning_cost,0.0
1094,2025,reg1,OCGT_PP,decommissioning_cost,0.0
1095,2026,reg1,OCGT_PP,decommissioning_cost,0.0
1096,2027,reg1,OCGT_PP,decommissioning_cost,0.0
1097,2028,reg1,OCGT_PP,decommissioning_cost,0.0
1098,2029,reg1,OCGT_PP,decommissioning_cost,0.0
1099,2030,reg1,OCGT_PP,decommissioning_cost,0.0
1100,2020,reg1,Elec_distribution,decommissioning_cost,0.0
1101,2021,reg1,Elec_distribution,decommissioning_cost,0.0
1102,2022,reg1,Elec_distribution,decommissioning_cost,0.0
1103,2023,reg1,Elec_distribution,decommissioning_cost,0.0
1104,2024,reg1,Elec_distribution,decommissioning_cost,0.0
1105,2025,reg1,Elec_distribution,decommissioning_cost,0.0
1106,2026,reg1,Elec_distribution,decommissioning_cost,0.0
1107,2027,reg1,Elec_distribution,decommissioning_cost,0.0
1108,2028,reg1,Elec_distribution,decommissioning_cost,0.0
1109,2029,reg1,Elec_distribution,decommissioning_cost,0.0
1110,2030,reg1,Elec_distribution,decommissioning_cost,0.0
1111,2020,reg2,Oil_supply,decommissioning_cost,0.0
1112,2021,reg2,Oil_supply,decommissioning_cost,0.0
1113,2022,reg2,Oil_supply,decommissioning_cost,0.0
1114,2023,reg2,Oil_supply,decommissioning_cost,0.0
1115,2024,reg2,Oil_supply,decommissioning_cost,0.0
1116,2025,reg2,Oil_supply,decommissioning_cost,0.0
1117,2026,reg2,Oil_supply,decommissioning_cost,0.0
1118,2027,reg2,Oil_supply,decommissioning_cost,0.0
1119,2028,reg2,Oil_supply,decommissioning_cost,0.0
1120,2029,reg2,Oil_supply,decommissioning_cost,0.0
1121,2030,reg2,Oil_supply,decommissioning_cost,0.0
1122,2020,reg2,Natural_gas_supply,decommissioning_cost,0.0
1123,2021,reg2,Natural_gas_supply,decommissioning_cost,0.0
1124,2022,reg2,Natural_gas_supply,decommissioning_cost,0.0
1125,2023,reg2,Natural_gas_supply,decommissioning_cost,0.0
1126,2024,reg2,Natural_gas_supply,decommissioning_cost,0.0
1127,2025,reg2,Natural_gas_supply,decommissioning_cost,0.0
1128,2026,reg2,Natural_gas_supply,decommissioning_cost,0.0
1129,2027,reg2,Natural_gas_supply,decommissioning_cost,0.0
1130,2028,reg2,Natural_gas_supply,decommissioning_cost,0.0
1131,2029,reg2,Natural_gas_supply,decommissioning_cost,0.0
1132,2030,reg2,Natural_gas_supply,decommissioning_cost,0.0
1133,2020,reg2,Biomass_waste_supply,decommissioning_cost,0.0
1134,2021,reg2,Biomass_waste_supply,decommissioning_cost,0.0
1135,2022,reg2,Biomass_waste_supply,decommissioning_cost,0.0
1136,2023,reg2,Biomass_waste_supply,decommissioning_cost,0.0
1137,2024,reg2,Biomass_waste_supply,decommissioning_cost,0.0
1138,2025,reg2,Biomass_waste_supply,decommissioning_cost,0.0
1139,2026,reg2,Biomass_waste_supply,decommissioning_cost,0.0
1140,2027,reg2,Biomass_waste_supply,decommissioning_cost,0.0
1141,2028,reg2,Biomass_waste_supply,decommissioning_cost,0.0
1142,2029,reg2,Biomass_waste_supply,decommissioning_cost,0.0
1143,2030,reg2,Biomass_waste_supply,decommissioning_cost,0.0
1144,2020,reg2,Geo_PP,decommissioning_cost,0.0
1145,2021,reg2,Geo_PP,decommissioning_cost,0.0
1146,2022,reg2,Geo_PP,decommissioning_cost,0.0
1147,2023,reg2,Geo_PP,decommissioning_cost,0.0
1148,2024,reg2,Geo_PP,decommissioning_cost,0.0
1149,2025,reg2,Geo_PP,decommissioning_cost,0.0
1150,2026,reg2,Geo_PP,decommissioning_cost,0.0
1151,2027,reg2,Geo_PP,decommissioning_cost,0.0
1152,2028,reg2,Geo_PP,decommissioning_cost,0.0
1153,2029,reg2,Geo_PP,decommissioning_cost,0.0
1154,2030,reg2,Geo_PP,decommissioning_cost,0.0
1155,2020,reg2,PV_PP,decommissioning_cost,0.0
1156,2021,reg2,PV_PP,decommissioning_cost,0.0
1157,2022,reg2,PV_PP,decommissioning_cost,0.0
1158,2023,reg2,PV_PP,decommissioning_cost,0.0
1159,2024,reg2,PV_PP,decommissioning_cost,0.0
1160,2025,reg2,PV_PP,decommissioning_cost,0.0
1161,2026,reg2,PV_PP,decommissioning_cost,0.0
1162,2027,reg2,PV_PP,decommissioning_cost,0.0
1163,2028,reg2,PV_PP,decommissioning_cost,0.0
1164,2029,reg2,PV_PP,decommissioning_cost,0.0
1165,2030,reg2,PV_PP,decommissioning_cost,0.0
1166,2020,reg2,Wind_PP,decommissioning_cost,0.0
1167,2021,reg2,Wind_PP,decommissioning_cost,0.0
1168,2022,reg2,Wind_PP,decommissioning_cost,0.0
1169,2023,reg2,Wind_PP,decommissioning_cost,0.0
1170,2024,reg2,Wind_PP,decommissioning_cost,0.0
1171,2025,reg2,Wind_PP,decommissioning_cost,0.0
1172,2026,reg2,Wind_PP,decommissioning_cost,0.0
1173,2027,reg2,Wind_PP,decommissioning_cost,0.0
1174,2028,reg2,Wind_PP,decommissioning_cost,0.0
1175,2029,reg2,Wind_PP,decommissioning_cost,0.0
1176,2030,reg2,Wind_PP,decommissioning_cost,0.0
1177,2020,reg2,Hydro_PP,decommissioning_cost,0.0
1178,2021,reg2,Hydro_PP,decommissioning_cost,0.0
1179,2022,reg2,Hydro_PP,decommissioning_cost,0.0
1180,2023,reg2,Hydro_PP,decommissioning_cost,0.0
1181,2024,reg2,Hydro_PP,decommissioning_cost,0.0
1182,2025,reg2,Hydro_PP,decommissioning_cost,0.0
1183,2026,reg2,Hydro_PP,decommissioning_cost,0.0
1184,2027,reg2,Hydro_PP,decommissioning_cost,0.0
1185,2028,reg2,Hydro_PP,decommissioning_cost,0.0
1186,2029,reg2,Hydro_PP,decommissioning_cost,0.0
1187,2030,reg2,Hydro_PP,decommissioning_cost,0.0
1188,2020,reg2,HFO_PP,decommissioning_cost,0.0
1189,2021,reg2,HFO_PP,decommissioning_cost,0.0
1190,2022,reg2,HFO_PP,decommissioning_cost,0.0
1191,2023,reg2,HFO_PP,decommissioning_cost,0.0
1192,2024,reg2,HFO_PP,decommissioning_cost,0.0
1193,2025,reg2,HFO_PP,decommissioning_cost,0.0
1194,2026,reg2,HFO_PP,decommissioning_cost,0.0
1195,2027,reg2,HFO_PP,decommissioning_cost,0.0
1196,2028,reg2,HFO_PP,decommissioning_cost,0.0
1197,2029,reg2,HFO_PP,decommissioning_cost,0.0
1198,2030,reg2,HFO_PP,decommissioning_cost,0.0
1199,2020,reg2,OCGT_PP,decommissioning_cost,0.0
1200,2021,reg2,OCGT_PP,decommissioning_cost,0.0
1201,2022,reg2,OCGT_PP,decommissioning_cost,0.0
1202,2023,reg2,OCGT_PP,decommissioning_cost,0.0
1203,2024,reg2,OCGT_PP,decommissioning_cost,0.0
1204,2025,reg2,OCGT_PP,decommissioning_cost,0.0
1205,2026,reg2,OCGT_PP,decommissioning_cost,0.0
1206,2027,reg2,OCGT_PP,decommissioning_cost,0.0
1207,2028,reg2,OCGT_PP,decommissioning_cost,0.0
1208,2029,reg2,OCGT_PP,decommissioning_cost,0.0
1209,2030,reg2,OCGT_PP,decommissioning_cost,0.0
1210,2020,reg2,BW_PP,decommissioning_cost,0.0
1211,2021,reg2,BW_PP,decommissioning_cost,0.0
1212,2022,reg2,BW_PP,decommissioning_cost,0.0
1213,2023,reg2,BW_PP,decommissioning_cost,0.0
1214,2024,reg2,BW_PP,decommissioning_cost,0.0
1215,2025,reg2,BW_PP,decommissioning_cost,0.0
1216,2026,reg2,BW_PP,decommissioning_cost,0.0
1217,2027,reg2,BW_PP,decommissioning_cost,0.0
1218,2028,reg2,BW_PP,decommissioning_cost,0.0
1219,2029,reg2,BW_PP,decommissioning_cost,0.0
1220,2030,reg2,BW_PP,decommissioning_cost,0.0
1221,2020,reg2,Elec_distribution,decommissioning_cost,0.0
1222,2021,reg2,Elec_distribution,decommissioning_cost,0.0
1223,2022,reg2,Elec_distribution,decommissioning_cost,0.0
1224,2023,reg2,Elec_distribution,decommissioning_cost,0.0
1225,2024,reg2,Elec_distribution,decommissioning_cost,0.0
1226,2025,reg2,Elec_distribution,decommissioning_cost,0.0
1227,2026,reg2,Elec_distribution,decommissioning_cost,0.0
1228,2027,reg2,Elec_distribution,decommissioning_cost,0.0
1229,2028,reg2,Elec_distribution,decommissioning_cost,0.0
1230,2029,reg2,Elec_distribution,decommissioning_cost,0.0
1231,2030,reg2,Elec_distribution,decommissioning_cost,0.0
1232,2020,reg1,Natural_gas_supply,investment_cost,0.0
1233,2021,reg1,Natural_gas_supply,investment_cost,0.0
1234,2022,reg1,Natural_gas_supply,investment_cost,0.0
1235,2023,reg1,Natural_gas_supply,investment_cost,0.0
1236,2024,reg1,Natural_gas_supply,investment_cost,0.0
1237,2025,reg1,Natural_gas_supply,investment_cost,0.0
1238,2026,reg1,Natural_gas_supply,investment_cost,0.0
1239,2027,reg1,Natural_gas_supply,investment_cost,0.0
1240,2028,reg1,Natural_gas_supply,investment_cost,0.0
1241,2029,reg1,Natural_gas_supply,investment_cost,0.0
1242,2030,reg1,Natural_gas_supply,investment_cost,0.0
1243,2020,reg1,Oil_supply,investment_cost,0.0
1244,2021,reg1,Oil_supply,investment_cost,0.0
1245,2022,reg1,Oil_supply,investment_cost,0.0
1246,2023,reg1,Oil_supply,investment_cost,0.0
1247,2024,reg1,Oil_supply,investment_cost,0.0
1248,2025,reg1,Oil_supply,investment_cost,0.0
1249,2026,reg1,Oil_supply,investment_cost,0.0
1250,2027,reg1,Oil_supply,investment_cost,0.0
1251,2028,reg1,Oil_supply,investment_cost,0.0
1252,2029,reg1,Oil_supply,investment_cost,0.0
1253,2030,reg1,Oil_supply,investment_cost,0.0
1254,2020,reg1,PV_PP,investment_cost,707740901.243187
1255,2021,reg1,PV_PP,investment_cost,157323839.7329632
1256,2022,reg1,PV_PP,investment_cost,157323839.73296988
1257,2023,reg1,PV_PP,investment_cost,146061712.82117644
1258,2024,reg1,PV_PP,investment_cost,0.0
1259,2025,reg1,PV_PP,investment_cost,82900531.0090017
1260,2026,reg1,PV_PP,investment_cost,122379826.11962067
1261,2027,reg1,PV_PP,investment_cost,126997107.63557553
1262,2028,reg1,PV_PP,investment_cost,275047617.17852837
1263,2029,reg1,PV_PP,investment_cost,0.0
1264,2030,reg1,PV_PP,investment_cost,0.0
1265,2020,reg1,Wind_PP,investment_cost,1086574153.8283567
1266,2021,reg1,Wind_PP,investment_cost,715931734.9064204
1267,2022,reg1,Wind_PP,investment_cost,715931734.9064174
1268,2023,reg1,Wind_PP,investment_cost,759951847.7454258
1269,2024,reg1,Wind_PP,investment_cost,1232778549.1248317
1270,2025,reg1,Wind_PP,investment_cost,924854474.0183965
1271,2026,reg1,Wind_PP,investment_cost,809328719.4458393
1272,2027,reg1,Wind_PP,investment_cost,795817461.7167073
1273,2028,reg1,Wind_PP,investment_cost,362586656.0025463
1274,2029,reg1,Wind_PP,investment_cost,0.0
1275,2030,reg1,Wind_PP,investment_cost,0.0
1276,2020,reg1,Hydro_PP,investment_cost,0.0
1277,2021,reg1,Hydro_PP,investment_cost,0.0
1278,2022,reg1,Hydro_PP,investment_cost,0.0
1279,2023,reg1,Hydro_PP,investment_cost,0.0
1280,2024,reg1,Hydro_PP,investment_cost,0.0
1281,2025,reg1,Hydro_PP,investment_cost,0.0
1282,2026,reg1,Hydro_PP,investment_cost,0.0
1283,2027,reg1,Hydro_PP,investment_cost,0.0
1284,2028,reg1,Hydro_PP,investment_cost,0.0
1285,2029,reg1,Hydro_PP,investment_cost,0.0
1286,2030,reg1,Hydro_PP,investment_cost,0.0
1287,2020,reg1,HFO_PP,investment_cost,0.0
1288,2021,reg1,HFO_PP,investment_cost,0.0
1289,2022,reg1,HFO_PP,investment_cost,0.0
1290,2023,reg1,HFO_PP,investment_cost,0.0
1291,2024,reg1,HFO_PP,investment_cost,0.0
1292,2025,reg1,HFO_PP,investment_cost,0.0
1293,2026,reg1,HFO_PP,investment_cost,0.0
1294,2027,reg1,HFO_PP,investment_cost,0.0
1295,2028,reg1,HFO_PP,investment_cost,0.0
1296,2029,reg1,HFO_PP,investment_cost,0.0
1297,2030,reg1,HFO_PP,investment_cost,0.0
1298,2020,reg1,OCGT_PP,investment_cost,0.0
1299,2021,reg1,OCGT_PP,investment_cost,0.0
1300,2022,reg1,OCGT_PP,investment_cost,0.0
1301,2023,reg1,OCGT_PP,investment_cost,0.0
1302,2024,reg1,OCGT_PP,investment_cost,0.0
1303,2025,reg1,OCGT_PP,investment_cost,70284754.81555906
1304,2026,reg1,OCGT_PP,investment_cost,39300619.76851035
1305,2027,reg1,OCGT_PP,investment_cost,79924139.18713088
1306,2028,reg1,OCGT_PP,investment_cost,148603808.0538928
1307,2029,reg1,OCGT_PP,investment_cost,270843810.4044273
1308,2030,reg1,OCGT_PP,investment_cost,0.0
1309,2020,reg1,Elec_distribution,investment_cost,0.0
1310,2021,reg1,Elec_distribution,investment_cost,0.0
1311,2022,reg1,Elec_distribution,investment_cost,0.0
1312,2023,reg1,Elec_distribution,investment_cost,0.0
1313,2024,reg1,Elec_distribution,investment_cost,0.0
1314,2025,reg1,Elec_distribution,investment_cost,0.0
1315,2026,reg1,Elec_distribution,investment_cost,0.0
1316,2027,reg1,Elec_distribution,investment_cost,0.0
1317,2028,reg1,Elec_distribution,investment_cost,0.0
1318,2029,reg1,Elec_distribution,investment_cost,0.0
1319,2030,reg1,Elec_distribution,investment_cost,0.0
1320,2020,reg2,Oil_supply,investment_cost,0.0
1321,2021,reg2,Oil_supply,investment_cost,0.0
1322,2022,reg2,Oil_supply,investment_cost,0.0
1323,2023,reg2,Oil_supply,investment_cost,0.0
1324,2024,reg2,Oil_supply,investment_cost,0.0
1325,2025,reg2,Oil_supply,investment_cost,0.0
1326,2026,reg2,Oil_supply,investment_cost,0.0
1327,2027,reg2,Oil_supply,investment_cost,0.0
1328,2028,reg2,Oil_supply,investment_cost,0.0
1329,2029,reg2,Oil_supply,investment_cost,0.0
1330,2030,reg2,Oil_supply,investment_cost,0.0
1331,2020,reg2,Natural_gas_supply,investment_cost,0.0
1332,2021,reg2,Natural_gas_supply,investment_cost,0.0
1333,2022,reg2,Natural_gas_supply,investment_cost,0.0
1334,2023,reg2,Natural_gas_supply,investment_cost,0.0
1335,2024,reg2,Natural_gas_supply,investment_cost,0.0
1336,2025,reg2,Natural_gas_supply,investment_cost,0.0
1337,2026,reg2,Natural_gas_supply,investment_cost,0.0
1338,2027,reg2,Natural_gas_supply,investment_cost,0.0
1339,2028,reg2,Natural_gas_supply,investment_cost,0.0
1340,2029,reg2,Natural_gas_supply,investment_cost,0.0
1341,2030,reg2,Natural_gas_supply,investment_cost,0.0
1342,2020,reg2,Biomass_waste_supply,investment_cost,0.0
1343,2021,reg2,Biomass_waste_supply,investment_cost,0.0
1344,2022,reg2,Biomass_waste_supply,investment_cost,0.0
1345,2023,reg2,Biomass_waste_supply,investment_cost,0.0
1346,2024,reg2,Biomass_waste_supply,investment_cost,0.0
1347,2025,reg2,Biomass_waste_supply,investment_cost,0.0
1348,2026,reg2,Biomass_waste_supply,investment_cost,0.0
1349,2027,reg2,Biomass_waste_supply,investment_cost,0.0
1350,2028,reg2,Biomass_waste_supply,investment_cost,0.0
1351,2029,reg2,Biomass_waste_supply,investment_cost,0.0
1352,2030,reg2,Biomass_waste_supply,investment_cost,0.0
1353,2020,reg2,Geo_PP,investment_cost,0.0
1354,2021,reg2,Geo_PP,investment_cost,0.0
1355,2022,reg2,Geo_PP,investment_cost,0.0
1356,2023,reg2,Geo_PP,investment_cost,0.0
1357,2024,reg2,Geo_PP,investment_cost,0.0
1358,2025,reg2,Geo_PP,investment_cost,0.0
1359,2026,reg2,Geo_PP,investment_cost,0.0
1360,2027,reg2,Geo_PP,investment_cost,0.0
1361,2028,reg2,Geo_PP,investment_cost,0.0
1362,2029,reg2,Geo_PP,investment_cost,0.0
1363,2030,reg2,Geo_PP,investment_cost,0.0
1364,2020,reg2,PV_PP,investment_cost,0.0
1365,2021,reg2,PV_PP,investment_cost,0.0
1366,2022,reg2,PV_PP,investment_cost,0.0
1367,2023,reg2,PV_PP,investment_cost,0.0
1368,2024,reg2,PV_PP,investment_cost,0.0
1369,2025,reg2,PV_PP,investment_cost,0.0
1370,2026,reg2,PV_PP,investment_cost,0.0
1371,2027,reg2,PV_PP,investment_cost,0.0
1372,2028,reg2,PV_PP,investment_cost,0.0
1373,2029,reg2,PV_PP,investment_cost,0.0
1374,2030,reg2,PV_PP,investment_cost,0.0
1375,2020,reg2,Wind_PP,investment_cost,0.0
1376,2021,reg2,Wind_PP,investment_cost,0.0
1377,2022,reg2,Wind_PP,investment_cost,0.0
1378,2023,reg2,Wind_PP,investment_cost,0.0
1379,2024,reg2,Wind_PP,investment_cost,148075450.57160398
1380,2025,reg2,Wind_PP,investment_cost,258957756.21943814
1381,2026,reg2,Wind_PP,investment_cost,430098720.7011929
1382,2027,reg2,Wind_PP,investment_cost,289437113.71820533
1383,2028,reg2,Wind_PP,investment_cost,259891894.3835663
1384,2029,reg2,Wind_PP,investment_cost,0.0
1385,2030,reg2,Wind_PP,investment_cost,0.0
1386,2020,reg2,Hydro_PP,investment_cost,0.0
1387,2021,reg2,Hydro_PP,investment_cost,0.0
1388,2022,reg2,Hydro_PP,investment_cost,0.0
1389,2023,reg2,Hydro_PP,investment_cost,0.0
1390,2024,reg2,Hydro_PP,investment_cost,0.0
1391,2025,reg2,Hydro_PP,investment_cost,0.0
1392,2026,reg2,Hydro_PP,investment_cost,0.0
1393,2027,reg2,Hydro_PP,investment_cost,0.0
1394,2028,reg2,Hydro_PP,investment_cost,0.0
1395,2029,reg2,Hydro_PP,investment_cost,0.0
1396,2030,reg2,Hydro_PP,investment_cost,0.0
1397,2020,reg2,HFO_PP,investment_cost,0.0
1398,2021,reg2,HFO_PP,investment_cost,0.0
1399,2022,reg2,HFO_PP,investment_cost,0.0
1400,2023,reg2,HFO_PP,investment_cost,0.0
1401,2024,reg2,HFO_PP,investment_cost,0.0
1402,2025,reg2,HFO_PP,investment_cost,0.0
1403,2026,reg2,HFO_PP,investment_cost,0.0
1404,2027,reg2,HFO_PP,investment_cost,0.0
1405,2028,reg2,HFO_PP,investment_cost,0.0
1406,2029,reg2,HFO_PP,investment_cost,0.0
1407,2030,reg2,HFO_PP,investment_cost,0.0
1408,2020,reg2,OCGT_PP,investment_cost,0.0
1409,2021,reg2,OCGT_PP,investment_cost,0.0
1410,2022,reg2,OCGT_PP,investment_cost,0.0
1411,2023,reg2,OCGT_PP,investment_cost,0.0
1412,2024,reg2,OCGT_PP,investment_cost,0.0
1413,2025,reg2,OCGT_PP,investment_cost,0.0
1414,2026,reg2,OCGT_PP,investment_cost,0.0
1415,2027,reg2,OCGT_PP,investment_cost,0.0
1416,2028,reg2,OCGT_PP,investment_cost,0.0
1417,2029,reg2,OCGT_PP,investment_cost,0.0
1418,2030,reg2,OCGT_PP,investment_cost,0.0
1419,2020,reg2,BW_PP,investment_cost,0.0
1420,2021,reg2,BW_PP,investment_cost,0.0
1421,2022,reg2,BW_PP,investment_cost,0.0
1422,2023,reg2,BW_PP,investment_cost,0.0
1423,2024,reg2,BW_PP,investment_cost,0.0
1424,2025,reg2,BW_PP,investment_cost,0.0
1425,2026,reg2,BW_PP,investment_cost,0.0
1426,2027,reg2,BW_PP,investment_cost,0.0
1427,2028,reg2,BW_PP,investment_cost,0.0
1428,2029,reg2,BW_PP,investment_cost,0.0
1429,2030,reg2,BW_PP,investment_cost,0.0
1430,2020,reg2,Elec_distribution,investment_cost,0.0
1431,2021,reg2,Elec_distribution,investment_cost,0.0
1432,2022,reg2,Elec_distribution,investment_cost,0.0
1433,2023,reg2,Elec_distribution,investment_cost,0.0
1434,2024,reg2,Elec_distribution,investment_cost,0.0
1435,2025,reg2,Elec_distribution,investment_cost,0.0
1436,2026,reg2,Elec_distribution,investment_cost,0.0
1437,2027,reg2,Elec_distribution,investment_cost,0.0
1438,2028,reg2,Elec_distribution,investment_cost,0.0
1439,2029,reg2,Elec_distribution,investment_cost,0.0
1440,2030,reg2,Elec_distribution,investment_cost,0.0
1441,2020,reg1,Natural_gas_supply,investment_cost_tax,0.0
1442,2021,reg1,Natural_gas_supply,investment_cost_tax,0.0
1443,2022,reg1,Natural_gas_supply,investment_cost_tax,0.0
1444,2023,reg1,Natural_gas_supply,investment_cost_tax,0.0
1445,2024,reg1,Natural_gas_supply,investment_cost_tax,0.0
1446,2025,reg1,Natural_gas_supply,investment_cost_tax,0.0
1447,2026,reg1,Natural_gas_supply,investment_cost_tax,0.0
1448,2027,reg1,Natural_gas_supply,investment_cost_tax,0.0
1449,2028,reg1,Natural_gas_supply,investment_cost_tax,0.0
1450,2029,reg1,Natural_gas_supply,investment_cost_tax,0.0
1451,2030,reg1,Natural_gas_supply,investment_cost_tax,0.0
1452,2020,reg1,Oil_supply,investment_cost_tax,0.0
1453,2021,reg1,Oil_supply,investment_cost_tax,0.0
1454,2022,reg1,Oil_supply,investment_cost_tax,0.0
1455,2023,reg1,Oil_supply,investment_cost_tax,0.0
1456,2024,reg1,Oil_supply,investment_cost_tax,0.0
1457,2025,reg1,Oil_supply,investment_cost_tax,0.0
1458,2026,reg1,Oil_supply,investment_cost_tax,0.0
1459,2027,reg1,Oil_supply,investment_cost_tax,0.0
1460,2028,reg1,Oil_supply,investment_cost_tax,0.0
1461,2029,reg1,Oil_supply,investment_cost_tax,0.0
1462,2030,reg1,Oil_supply,investment_cost_tax,0.0
1463,2020,reg1,PV_PP,investment_cost_tax,0.0
1464,2021,reg1,PV_PP,investment_cost_tax,0.0
1465,2022,reg1,PV_PP,investment_cost_tax,0.0
1466,2023,reg1,PV_PP,investment_cost_tax,0.0
1467,2024,reg1,PV_PP,investment_cost_tax,0.0
1468,2025,reg1,PV_PP,investment_cost_tax,0.0
1469,2026,reg1,PV_PP,investment_cost_tax,0.0
1470,2027,reg1,PV_PP,investment_cost_tax,0.0
1471,2028,reg1,PV_PP,investment_cost_tax,0.0
1472,2029,reg1,PV_PP,investment_cost_tax,0.0
1473,2030,reg1,PV_PP,investment_cost_tax,0.0
1474,2020,reg1,Wind_PP,investment_cost_tax,0.0
1475,2021,reg1,Wind_PP,investment_cost_tax,0.0
1476,2022,reg1,Wind_PP,investment_cost_tax,0.0
1477,2023,reg1,Wind_PP,investment_cost_tax,0.0
1478,2024,reg1,Wind_PP,investment_cost_tax,0.0
1479,2025,reg1,Wind_PP,investment_cost_tax,0.0
1480,2026,reg1,Wind_PP,investment_cost_tax,0.0
1481,2027,reg1,Wind_PP,investment_cost_tax,0.0
1482,2028,reg1,Wind_PP,investment_cost_tax,0.0
1483,2029,reg1,Wind_PP,investment_cost_tax,0.0
1484,2030,reg1,Wind_PP,investment_cost_tax,0.0
1485,2020,reg1,Hydro_PP,investment_cost_tax,0.0
1486,2021,reg1,Hydro_PP,investment_cost_tax,0.0
1487,2022,reg1,Hydro_PP,investment_cost_tax,0.0
1488,2023,reg1,Hydro_PP,investment_cost_tax,0.0
1489,2024,reg1,Hydro_PP,investment_cost_tax,0.0
1490,2025,reg1,Hydro_PP,investment_cost_tax,0.0
1491,2026,reg1,Hydro_PP,investment_cost_tax,0.0
1492,2027,reg1,Hydro_PP,investment_cost_tax,0.0
1493,2028,reg1,Hydro_PP,investment_cost_tax,0.0
1494,2029,reg1,Hydro_PP,investment_cost_tax,0.0
1495,2030,reg1,Hydro_PP,investment_cost_tax,0.0
1496,2020,reg1,HFO_PP,investment_cost_tax,0.0
1497,2021,reg1,HFO_PP,investment_cost_tax,0.0
1498,2022,reg1,HFO_PP,investment_cost_tax,0.0
1499,2023,reg1,HFO_PP,investment_cost_tax,0.0
1500,2024,reg1,HFO_PP,investment_cost_tax,0.0
1501,2025,reg1,HFO_PP,investment_cost_tax,0.0
1502,2026,reg1,HFO_PP,investment_cost_tax,0.0
1503,2027,reg1,HFO_PP,investment_cost_tax,0.0
1504,2028,reg1,HFO_PP,investment_cost_tax,0.0
1505,2029,reg1,HFO_PP,investment_cost_tax,0.0
1506,2030,reg1,HFO_PP,investment_cost_tax,0.0
1507,2020,reg1,OCGT_PP,investment_cost_tax,0.0
1508,2021,reg1,OCGT_PP,investment_cost_tax,0.0
1509,2022,reg1,OCGT_PP,investment_cost_tax,0.0
1510,2023,reg1,OCGT_PP,investment_cost_tax,0.0
1511,2024,reg1,OCGT_PP,investment_cost_tax,0.0
1512,2025,reg1,OCGT_PP,investment_cost_tax,0.0
1513,2026,reg1,OCGT_PP,investment_cost_tax,0.0
1514,2027,reg1,OCGT_PP,investment_cost_tax,0.0
1515,2028,reg1,OCGT_PP,investment_cost_tax,0.0
1516,2029,reg1,OCGT_PP,investment_cost_tax,0.0
1517,2030,reg1,OCGT_PP,investment_cost_tax,0.0
1518,2020,reg1,Elec_distribution,investment_cost_tax,0.0
1519,2021,reg1,Elec_distribution,investment_cost_tax,0.0
1520,2022,reg1,Elec_distribution,investment_cost_tax,0.0
1521,2023,reg1,Elec_distribution,investment_cost_tax,0.0
1522,2024,reg1,Elec_distribution,investment_cost_tax,0.0
1523,2025,reg1,Elec_distribution,investment_cost_tax,0.0
1524,2026,reg1,Elec_distribution,investment_cost_tax,0.0
1525,2027,reg1,Elec_distribution,investment_cost_tax,0.0
1526,2028,reg1,Elec_distribution,investment_cost_tax,0.0
1527,2029,reg1,Elec_distribution,investment_cost_tax,0.0
1528,2030,reg1,Elec_distribution,investment_cost_tax,0.0
1529,2020,reg2,Oil_supply,investment_cost_tax,0.0
1530,2021,reg2,Oil_supply,investment_cost_tax,0.0
1531,2022,reg2,Oil_supply,investment_cost_tax,0.0
1532,2023,reg2,Oil_supply,investment_cost_tax,0.0
1533,2024,reg2,Oil_supply,investment_cost_tax,0.0
1534,2025,reg2,Oil_supply,investment_cost_tax,0.0
1535,2026,reg2,Oil_supply,investment_cost_tax,0.0
1536,2027,reg2,Oil_supply,investment_cost_tax,0.0
1537,2028,reg2,Oil_supply,investment_cost_tax,0.0
1538,2029,reg2,Oil_supply,investment_cost_tax,0.0
1539,2030,reg2,Oil_supply,investment_cost_tax,0.0
1540,2020,reg2,Natural_gas_supply,investment_cost_tax,0.0
1541,2021,reg2,Natural_gas_supply,investment_cost_tax,0.0
1542,2022,reg2,Natural_gas_supply,investment_cost_tax,0.0
1543,2023,reg2,Natural_gas_supply,investment_cost_tax,0.0
1544,2024,reg2,Natural_gas_supply,investment_cost_tax,0.0
1545,2025,reg2,Natural_gas_supply,investment_cost_tax,0.0
1546,2026,reg2,Natural_gas_supply,investment_cost_tax,0.0
1547,2027,reg2,Natural_gas_supply,investment_cost_tax,0.0
1548,2028,reg2,Natural_gas_supply,investment_cost_tax,0.0
1549,2029,reg2,Natural_gas_supply,investment_cost_tax,0.0
1550,2030,reg2,Natural_gas_supply,investment_cost_tax,0.0
1551,2020,reg2,Biomass_waste_supply,investment_cost_tax,0.0
1552,2021,reg2,Biomass_waste_supply,investment_cost_tax,0.0
1553,2022,reg2,Biomass_waste_supply,investment_cost_tax,0.0
1554,2023,reg2,Biomass_waste_supply,investment_cost_tax,0.0
1555,2024,reg2,Biomass_waste_supply,investment_cost_tax,0.0
1556,2025,reg2,Biomass_waste_supply,investment_cost_tax,0.0
1557,2026,reg2,Biomass_waste_supply,investment_cost_tax,0.0
1558,2027,reg2,Biomass_waste_supply,investment_cost_tax,0.0
1559,2028,reg2,Biomass_waste_supply,investment_cost_tax,0.0
1560,2029,reg2,Biomass_waste_supply,investment_cost_tax,0.0
1561,2030,reg2,Biomass_waste_supply,investment_cost_tax,0.0
1562,2020,reg2,Geo_PP,investment_cost_tax,0.0
1563,2021,reg2,Geo_PP,investment_cost_tax,0.0
1564,2022,reg2,Geo_PP,investment_cost_tax,0.0
1565,2023,reg2,Geo_PP,investment_cost_tax,0.0
1566,2024,reg2,Geo_PP,investment_cost_tax,0.0
1567,2025,reg2,Geo_PP,investment_cost_tax,0.0
1568,2026,reg2,Geo_PP,investment_cost_tax,0.0
1569,2027,reg2,Geo_PP,investment_cost_tax,0.0
1570,2028,reg2,Geo_PP,investment_cost_tax,0.0
1571,2029,reg2,Geo_PP,investment_cost_tax,0.0
1572,2030,reg2,Geo_PP,investment_cost_tax,0.0
1573,2020,reg2,PV_PP,investment_cost_tax,0.0
1574,2021,reg2,PV_PP,investment_cost_tax,0.0
1575,2022,reg2,PV_PP,investment_cost_tax,0.0
1576,2023,reg2,PV_PP,investment_cost_tax,0.0
1577,2024,reg2,PV_PP,investment_cost_tax,0.0
1578,2025,reg2,PV_PP,investment_cost_tax,0.0
1579,2026,reg2,PV_PP,investment_cost_tax,0.0
1580,2027,reg2,PV_PP,investment_cost_tax,0.0
1581,2028,reg2,PV_PP,investment_cost_tax,0.0
1582,2029,reg2,PV_PP,investment_cost_tax,0.0
1583,2030,reg2,PV_PP,investment_cost_tax,0.0
1584,2020,reg2,Wind_PP,investment_cost_tax,0.0
1585,2021,reg2,Wind_PP,investment_cost_tax,0.0
1586,2022,reg2,Wind_PP,investment_cost_tax,0.0
1587,2023,reg2,Wind_PP,investment_cost_tax,0.0
1588,2024,reg2,Wind_PP,investment_cost_tax,0.0
1589,2025,reg2,Wind_PP,investment_cost_tax,0.0
1590,2026,reg2,Wind_PP,investment_cost_tax,0.0
1591,2027,reg2,Wind_PP,investment_cost_tax,0.0
1592,2028,reg2,Wind_PP,investment_cost_tax,0.0
1593,2029,reg2,Wind_PP,investment_cost_tax,0.0
1594,2030,reg2,Wind_PP,investment_cost_tax,0.0
1595,2020,reg2,Hydro_PP,investment_cost_tax,0.0
1596,2021,reg2,Hydro_PP,investment_cost_tax,0.0
1597,2022,reg2,Hydro_PP,investment_cost_tax,0.0
1598,2023,reg2,Hydro_PP,investment_cost_tax,0.0
1599,2024,reg2,Hydro_PP,investment_cost_tax,0.0
1600,2025,reg2,Hydro_PP,investment_cost_tax,0.0
1601,2026,reg2,Hydro_PP,investment_cost_tax,0.0
1602,2027,reg2,Hydro_PP,investment_cost_tax,0.0
1603,2028,reg2,Hydro_PP,investment_cost_tax,0.0
1604,2029,reg2,Hydro_PP,investment_cost_tax,0.0
1605,2030,reg2,Hydro_PP,investment_cost_tax,0.0
1606,2020,reg2,HFO_PP,investment_cost_tax,0.0
1607,2021,reg2,HFO_PP,investment_cost_tax,0.0
1608,2022,reg2,HFO_PP,investment_cost_tax,0.0
1609,2023,reg2,HFO_PP,investment_cost_tax,0.0
1610,2024,reg2,HFO_PP,investment_cost_tax,0.0
1611,2025,reg2,HFO_PP,investment_cost_tax,0.0
1612,2026,reg2,HFO_PP,investment_cost_tax,0.0
1613,2027,reg2,HFO_PP,investment_cost_tax,0.0
1614,2028,reg2,HFO_PP,investment_cost_tax,0.0
1615,2029,reg2,HFO_PP,investment_cost_tax,0.0
1616,2030,reg2,HFO_PP,investment_cost_tax,0.0
1617,2020,reg2,OCGT_PP,investment_cost_tax,0.0
1618,2021,reg2,OCGT_PP,investment_cost_tax,0.0
1619,2022,reg2,OCGT_PP,investment_cost_tax,0.0
1620,2023,reg2,OCGT_PP,investment_cost_tax,0.0
1621,2024,reg2,OCGT_PP,investment_cost_tax,0.0
1622,2025,reg2,OCGT_PP,investment_cost_tax,0.0
1623,2026,reg2,OCGT_PP,investment_cost_tax,0.0
1624,2027,reg2,OCGT_PP,investment_cost_tax,0.0
1625,2028,reg2,OCGT_PP,investment_cost_tax,0.0
1626,2029,reg2,OCGT_PP,investment_cost_tax,0.0
1627,2030,reg2,OCGT_PP,investment_cost_tax,0.0
1628,2020,reg2,BW_PP,investment_cost_tax,0.0
1629,2021,reg2,BW_PP,investment_cost_tax,0.0
1630,2022,reg2,BW_PP,investment_cost_tax,0.0
1631,2023,reg2,BW_PP,investment_cost_tax,0.0
1632,2024,reg2,BW_PP,investment_cost_tax,0.0
1633,2025,reg2,BW_PP,investment_cost_tax,0.0
1634,2026,reg2,BW_PP,investment_cost_tax,0.0
1635,2027,reg2,BW_PP,investment_cost_tax,0.0
1636,2028,reg2,BW_PP,investment_cost_tax,0.0
1637,2029,reg2,BW_PP,investment_cost_tax,0.0
1638,2030,reg2,BW_PP,investment_cost_tax,0.0
1639,2020,reg2,Elec_distribution,investment_cost_tax,0.0
1640,2021,reg2,Elec_distribution,investment_cost_tax,0.0
1641,2022,reg2,Elec_distribution,investment_cost_tax,0.0
1642,2023,reg2,Elec_distribution,investment_cost_tax,0.0
1643,2024,reg2,Elec_distribution,investment_cost_tax,0.0
1644,2025,reg2,Elec_distribution,investment_cost_tax,0.0
1645,2026,reg2,Elec_distribution,investment_cost_tax,0.0
1646,2027,reg2,Elec_distribution,investment_cost_tax,0.0
1647,2028,reg2,Elec_distribution,investment_cost_tax,0.0
1648,2029,reg2,Elec_distribution,investment_cost_tax,0.0
1649,2030,reg2,Elec_distribution,investment_cost_tax,0.0
1650,2020,reg1,Natural_gas_supply,investment_cost_sub,0.0
1651,2021,reg1,Natural_gas_supply,investment_cost_sub,0.0
1652,2022,reg1,Natural_gas_supply,investment_cost_sub,0.0
1653,2023,reg1,Natural_gas_supply,investment_cost_sub,0.0
1654,2024,reg1,Natural_gas_supply,investment_cost_sub,0.0
1655,2025,reg1,Natural_gas_supply,investment_cost_sub,0.0
1656,2026,reg1,Natural_gas_supply,investment_cost_sub,0.0
1657,2027,reg1,Natural_gas_supply,investment_cost_sub,0.0
1658,2028,reg1,Natural_gas_supply,investment_cost_sub,0.0
1659,2029,reg1,Natural_gas_supply,investment_cost_sub,0.0
1660,2030,reg1,Natural_gas_supply,investment_cost_sub,0.0
1661,2020,reg1,Oil_supply,investment_cost_sub,0.0
1662,2021,reg1,Oil_supply,investment_cost_sub,0.0
1663,2022,reg1,Oil_supply,investment_cost_sub,0.0
1664,2023,reg1,Oil_supply,investment_cost_sub,0.0
1665,2024,reg1,Oil_supply,investment_cost_sub,0.0
1666,2025,reg1,Oil_supply,investment_cost_sub,0.0
1667,2026,reg1,Oil_supply,investment_cost_sub,0.0
1668,2027,reg1,Oil_supply,investment_cost_sub,0.0
1669,2028,reg1,Oil_supply,investment_cost_sub,0.0
1670,2029,reg1,Oil_supply,investment_cost_sub,0.0
1671,2030,reg1,Oil_supply,investment_cost_sub,0.0
1672,2020,reg1,PV_PP,investment_cost_sub,0.0
1673,2021,reg1,PV_PP,investment_cost_sub,0.0
1674,2022,reg1,PV_PP,investment_cost_sub,0.0
1675,2023,reg1,PV_PP,investment_cost_sub,0.0
1676,2024,reg1,PV_PP,investment_cost_sub,0.0
1677,2025,reg1,PV_PP,investment_cost_sub,0.0
1678,2026,reg1,PV_PP,investment_cost_sub,0.0
1679,2027,reg1,PV_PP,investment_cost_sub,0.0
1680,2028,reg1,PV_PP,investment_cost_sub,0.0
1681,2029,reg1,PV_PP,investment_cost_sub,0.0
1682,2030,reg1,PV_PP,investment_cost_sub,0.0
1683,2020,reg1,Wind_PP,investment_cost_sub,0.0
1684,2021,reg1,Wind_PP,investment_cost_sub,0.0
1685,2022,reg1,Wind_PP,investment_cost_sub,0.0
1686,2023,reg1,Wind_PP,investment_cost_sub,0.0
1687,2024,reg1,Wind_PP,investment_cost_sub,0.0
1688,2025,reg1,Wind_PP,investment_cost_sub,0.0
1689,2026,reg1,Wind_PP,investment_cost_sub,0.0
1690,2027,reg1,Wind_PP,investment_cost_sub,0.0
1691,2028,reg1,Wind_PP,investment_cost_sub,0.0
1692,2029,reg1,Wind_PP,investment_cost_sub,0.0
1693,2030,reg1,Wind_PP,investment_cost_sub,0.0
1694,2020,reg1,Hydro_PP,investment_cost_sub,0.0
1695,2021,reg1,Hydro_PP,investment_cost_sub,0.0
1696,2022,reg1,Hydro_PP,investment_cost_sub,0.0
1697,2023,reg1,Hydro_PP,investment_cost_sub,0.0
1698,2024,reg1,Hydro_PP,investment_cost_sub,0.0
1699,2025,reg1,Hydro_PP,investment_cost_sub,0.0
1700,2026,reg1,Hydro_PP,investment_cost_sub,0.0
1701,2027,reg1,Hydro_PP,investment_cost_sub,0.0
1702,2028,reg1,Hydro_PP,investment_cost_sub,0.0
1703,2029,reg1,Hydro_PP,investment_cost_sub,0.0
1704,2030,reg1,Hydro_PP,investment_cost_sub,0.0
1705,2020,reg1,HFO_PP,investment_cost_sub,0.0
1706,2021,reg1,HFO_PP,investment_cost_sub,0.0
1707,2022,reg1,HFO_PP,investment_cost_sub,0.0
1708,2023,reg1,HFO_PP,investment_cost_sub,0.0
1709,2024,reg1,HFO_PP,investment_cost_sub,0.0
1710,2025,reg1,HFO_PP,investment_cost_sub,0.0
1711,2026,reg1,HFO_PP,investment_cost_sub,0.0
1712,2027,reg1,HFO_PP,investment_cost_sub,0.0
1713,2028,reg1,HFO_PP,investment_cost_sub,0.0
1714,2029,reg1,HFO_PP,investment_cost_sub,0.0
1715,2030,reg1,HFO_PP,investment_cost_sub,0.0
1716,2020,reg1,OCGT_PP,investment_cost_sub,0.0
1717,2021,reg1,OCGT_PP,investment_cost_sub,0.0
1718,2022,reg1,OCGT_PP,investment_cost_sub,0.0
1719,2023,reg1,OCGT_PP,investment_cost_sub,0.0
1720,2024,reg1,OCGT_PP,investment_cost_sub,0.0
1721,2025,reg1,OCGT_PP,investment_cost_sub,0.0
1722,2026,reg1,OCGT_PP,investment_cost_sub,0.0
1723,2027,reg1,OCGT_PP,investment_cost_sub,0.0
1724,2028,reg1,OCGT_PP,investment_cost_sub,0.0
1725,2029,reg1,OCGT_PP,investment_cost_sub,0.0
1726,2030,reg1,OCGT_PP,investment_cost_sub,0.0
1727,2020,reg1,Elec_distribution,investment_cost_sub,0.0
1728,2021,reg1,Elec_distribution,investment_cost_sub,0.0
1729,2022,reg1,Elec_distribution,investment_cost_sub,0.0
1730,2023,reg1,Elec_distribution,investment_cost_sub,0.0
1731,2024,reg1,Elec_distribution,investment_cost_sub,0.0
1732,2025,reg1,Elec_distribution,investment_cost_sub,0.0
1733,2026,reg1,Elec_distribution,investment_cost_sub,0.0
1734,2027,reg1,Elec_distribution,investment_cost_sub,0.0
1735,2028,reg1,Elec_distribution,investment_cost_sub,0.0
1736,2029,reg1,Elec_distribution,investment_cost_sub,0.0
1737,2030,reg1,Elec_distribution,investment_cost_sub,0.0
1738,2020,reg2,Oil_supply,investment_cost_sub,0.0
1739,2021,reg2,Oil_supply,investment_cost_sub,0.0
1740,2022,reg2,Oil_supply,investment_cost_sub,0.0
1741,2023,reg2,Oil_supply,investment_cost_sub,0.0
1742,2024,reg2,Oil_supply,investment_cost_sub,0.0
1743,2025,reg2,Oil_supply,investment_cost_sub,0.0
1744,2026,reg2,Oil_supply,investment_cost_sub,0.0
1745,2027,reg2,Oil_supply,investment_cost_sub,0.0
1746,2028,reg2,Oil_supply,investment_cost_sub,0.0
1747,2029,reg2,Oil_supply,investment_cost_sub,0.0
1748,2030,reg2,Oil_supply,investment_cost_sub,0.0
1749,2020,reg2,Natural_gas_supply,investment_cost_sub,0.0
1750,2021,reg2,Natural_gas_supply,investment_cost_sub,0.0
1751,2022,reg2,Natural_gas_supply,investment_cost_sub,0.0
1752,2023,reg2,Natural_gas_supply,investment_cost_sub,0.0
1753,2024,reg2,Natural_gas_supply,investment_cost_sub,0.0
1754,2025,reg2,Natural_gas_supply,investment_cost_sub,0.0
1755,2026,reg2,Natural_gas_supply,investment_cost_sub,0.0
1756,2027,reg2,Natural_gas_supply,investment_cost_sub,0.0
1757,2028,reg2,Natural_gas_supply,investment_cost_sub,0.0
1758,2029,reg2,Natural_gas_supply,investment_cost_sub,0.0
1759,2030,reg2,Natural_gas_supply,investment_cost_sub,0.0
1760,2020,reg2,Biomass_waste_supply,investment_cost_sub,0.0
1761,2021,reg2,Biomass_waste_supply,investment_cost_sub,0.0
1762,2022,reg2,Biomass_waste_supply,investment_cost_sub,0.0
1763,2023,reg2,Biomass_waste_supply,investment_cost_sub,0.0
1764,2024,reg2,Biomass_waste_supply,investment_cost_sub,0.0
1765,2025,reg2,Biomass_waste_supply,investment_cost_sub,0.0
1766,2026,reg2,Biomass_waste_supply,investment_cost_sub,0.0
1767,2027,reg2,Biomass_waste_supply,investment_cost_sub,0.0
1768,2028,reg2,Biomass_waste_supply,investment_cost_sub,0.0
1769,2029,reg2,Biomass_waste_supply,investment_cost_sub,0.0
1770,2030,reg2,Biomass_waste_supply,investment_cost_sub,0.0
1771,2020,reg2,Geo_PP,investment_cost_sub,0.0
1772,2021,reg2,Geo_PP,investment_cost_sub,0.0
1773,2022,reg2,Geo_PP,investment_cost_sub,0.0
1774,2023,reg2,Geo_PP,investment_cost_sub,0.0
1775,2024,reg2,Geo_PP,investment_cost_sub,0.0
1776,2025,reg2,Geo_PP,investment_cost_sub,0.0
1777,2026,reg2,Geo_PP,investment_cost_sub,0.0
1778,2027,reg2,Geo_PP,investment_cost_sub,0.0
1779,2028,reg2,Geo_PP,investment_cost_sub,0.0
1780,2029,reg2,Geo_PP,investment_cost_sub,0.0
1781,2030,reg2,Geo_PP,investment_cost_sub,0.0
1782,2020,reg2,PV_PP,investment_cost_sub,0.0
1783,2021,reg2,PV_PP,investment_cost_sub,0.0
1784,2022,reg2,PV_PP,investment_cost_sub,0.0
1785,2023,reg2,PV_PP,investment_cost_sub,0.0
1786,2024,reg2,PV_PP,investment_cost_sub,0.0
1787,2025,reg2,PV_PP,investment_cost_sub,0.0
1788,2026,reg2,PV_PP,investment_cost_sub,0.0
1789,2027,reg2,PV_PP,investment_cost_sub,0.0
1790,2028,reg2,PV_PP,investment_cost_sub,0.0
1791,2029,reg2,PV_PP,investment_cost_sub,0.0
1792,2030,reg2,PV_PP,investment_cost_sub,0.0
1793,2020,reg2,Wind_PP,investment_cost_sub,0.0
1794,2021,reg2,Wind_PP,investment_cost_sub,0.0
1795,2022,reg2,Wind_PP,investment_cost_sub,0.0
1796,2023,reg2,Wind_PP,investment_cost_sub,0.0
1797,2024,reg2,Wind_PP,investment_cost_sub,0.0
1798,2025,reg2,Wind_PP,investment_cost_sub,0.0
1799,2026,reg2,Wind_PP,investment_cost_sub,0.0
1800,2027,reg2,Wind_PP,investment_cost_sub,0.0
1801,2028,reg2,Wind_PP,investment_cost_sub,0.0
1802,2029,reg2,Wind_PP,investment_cost_sub,0.0
1803,2030,reg2,Wind_PP,investment_cost_sub,0.0
1804,2020,reg2,Hydro_PP,investment_cost_sub,0.0
1805,2021,reg2,Hydro_PP,investment_cost_sub,0.0
1806,2022,reg2,Hydro_PP,investment_cost_sub,0.0
1807,2023,reg2,Hydro_PP,investment_cost_sub,0.0
1808,2024,reg2,Hydro_PP,investment_cost_sub,0.0
1809,2025,reg2,Hydro_PP,investment_cost_sub,0.0
1810,2026,reg2,Hydro_PP,investment_cost_sub,0.0
1811,2027,reg2,Hydro_PP,investment_cost_sub,0.0
1812,2028,reg2,Hydro_PP,investment_cost_sub,0.0
1813,2029,reg2,Hydro_PP,investment_cost_sub,0.0
1814,2030,reg2,Hydro_PP,investment_cost_sub,0.0
1815,2020,reg2,HFO_PP,investment_cost_sub,0.0
1816,2021,reg2,HFO_PP,investment_cost_sub,0.0
1817,2022,reg2,HFO_PP,investment_cost_sub,0.0
1818,2023,reg2,HFO_PP,investment_cost_sub,0.0
1819,2024,reg2,HFO_PP,investment_cost_sub,0.0
1820,2025,reg2,HFO_PP,investment_cost_sub,0.0
1821,2026,reg2,HFO_PP,investment_cost_sub,0.0
1822,2027,reg2,HFO_PP,investment_cost_sub,0.0
1823,2028,reg2,HFO_PP,investment_cost_sub,0.0
1824,2029,reg2,HFO_PP,investment_cost_sub,0.0
1825,2030,reg2,HFO_PP,investment_cost_sub,0.0
1826,2020,reg2,OCGT_PP,investment_cost_sub,0.0
1827,2021,reg2,OCGT_PP,investment_cost_sub,0.0
1828,2022,reg2,OCGT_PP,investment_cost_sub,0.0
1829,2023,reg2,OCGT_PP,investment_cost_sub,0.0
1830,2024,reg2,OCGT_PP,investment_cost_sub,0.0
1831,2025,reg2,OCGT_PP,investment_cost_sub,0.0
1832,2026,reg2,OCGT_PP,investment_cost_sub,0.0
1833,2027,reg2,OCGT_PP,investment_cost_sub,0.0
1834,2028,reg2,OCGT_PP,investment_cost_sub,0.0
1835,2029,reg2,OCGT_PP,investment_cost_sub,0.0
1836,2030,reg2,OCGT_PP,investment_cost_sub,0.0
1837,2020,reg2,BW_PP,investment_cost_sub,0.0
1838,2021,reg2,BW_PP,investment_cost_sub,0.0
1839,2022,reg2,BW_PP,investment_cost_sub,0.0
1840,2023,reg2,BW_PP,investment_cost_sub,0.0
1841,2024,reg2,BW_PP,investment_cost_sub,0.0
1842,2025,reg2,BW_PP,investment_cost_sub,0.0
1843,2026,reg2,BW_PP,investment_cost_sub,0.0
1844,2027,reg2,BW_PP,investment_cost_sub,0.0
1845,2028,reg2,BW_PP,investment_cost_sub,0.0
1846,2029,reg2,BW_PP,investment_cost_sub,0.0
1847,2030,reg2,BW_PP,investment_cost_sub,0.0
1848,2020,reg2,Elec_distribution,investment_cost_sub,0.0
1849,2021,reg2,Elec_distribution,investment_cost_sub,0.0
1850,2022,reg2,Elec_distribution,investment_cost_sub,0.0
1851,2023,reg2,Elec_distribution,investment_cost_sub,0.0
1852,2024,reg2,Elec_distribution,investment_cost_sub,0.0
1853,2025,reg2,Elec_distribution,investment_cost_sub,0.0
1854,2026,reg2,Elec_distribution,investment_cost_sub,0.0
1855,2027,reg2,Elec_distribution,investment_cost_sub,0.0
1856,2028,reg2,Elec_distribution,investment_cost_sub,0.0
1857,2029,reg2,Elec_distribution,investment_cost_sub,0.0
1858,2030,reg2,Elec_distribution,investment_cost_sub,0.0
